job_id,title,category,location,country,url
J0526-2157,Senior Developer - Java Fullstack,Software Development / Engineering,Hyderabad,India,https://cgi.njoyn.com/CORP/xweb.asp?NTKN=c&clid=21001&Page=JobDetails&Jobid=J0526-2157&BRID=1307595&lang=1
J0526-0611,Python Developer (Github Copilot & DevOps) with 3-6 years of exp,Software Development / Engineering,Hyderabad,India,https://cgi.njoyn.com/CORP/xweb.asp?NTKN=c&clid=21001&Page=JobDetails&Jobid=J0526-0611&BRID=1299308&lang=1
J0726-0427,Senior Software Engineer - Java Fullstack developer Sr,Software Development / Engineering,Hyderabad,India,https://cgi.njoyn.com/CORP/xweb.asp?NTKN=c&clid=21001&Page=JobDetails&Jobid=J0726-0427&BRID=1319924&lang=1
J0626-0571,Senior Software Engineer - Java and IAM,Software Development / Engineering,Hyderabad,India,https://cgi.njoyn.com/CORP/xweb.asp?NTKN=c&clid=21001&Page=JobDetails&Jobid=J0626-0571&BRID=1307475&lang=1
J0726-0866,Guidewire - PolicyCenter (Integration & Configuration) Lead,Software Development / Engineering,Hyderabad,India,https://cgi.njoyn.com/CORP/xweb.asp?NTKN=c&clid=21001&Page=JobDetails&Jobid=J0726-0866&BRID=1322667&lang=1
J0626-2467,Software Enginner- Java with AWS,Software Development / Engineering,Hyderabad,India,https://cgi.njoyn.com/CORP/xweb.asp?NTKN=c&clid=21001&Page=JobDetails&Jobid=J0626-2467&BRID=1312997&lang=1
J0626-2469,Java Developer,Software Development / Engineering,Hyderabad,India,https://cgi.njoyn.com/CORP/xweb.asp?NTKN=c&clid=21001&Page=JobDetails&Jobid=J0626-2469&BRID=1312996&lang=1
J0626-1178,Senior Automation Tester,Testing/Quality Assurance,Hyderabad,India,https://cgi.njoyn.com/CORP/xweb.asp?NTKN=c&clid=21001&Page=JobDetails&Jobid=J0626-1178&BRID=1322586&lang=1
J0426-1653,Senior Java Developer - Java + Microservices + DS,Software Development / Engineering,Hyderabad,India,https://cgi.njoyn.com/CORP/xweb.asp?NTKN=c&clid=21001&Page=JobDetails&Jobid=J0426-1653&BRID=1298810&lang=1
J0326-1412,JAVA - Sr API Developer,Software Development / Engineering,Hyderabad,India,https://cgi.njoyn.com/CORP/xweb.asp?NTKN=c&clid=21001&Page=JobDetails&Jobid=J0326-1412&BRID=1313369&lang=1
J0326-1411,JAVA - Sr API Developer,Software Development / Engineering,Hyderabad,India,https://cgi.njoyn.com/CORP/xweb.asp?NTKN=c&clid=21001&Page=JobDetails&Jobid=J0326-1411&BRID=1302678&lang=1
J0726-2162,Software Engineer- Production Support,Software Development / Engineering,Hyderabad,India,https://cgi.njoyn.com/CORP/xweb.asp?NTKN=c&clid=21001&Page=JobDetails&Jobid=J0726-2162&BRID=1322413&lang=1
J0526-1139,Senior Test Engineer - Automation Testing with iOS & Android (Mobile Testing),Testing/Quality Assurance,Hyderabad,India,https://cgi.njoyn.com/CORP/xweb.asp?NTKN=c&clid=21001&Page=JobDetails&Jobid=J0526-1139&BRID=1322386&lang=1
J0726-1222,Senior Data Engineer,Software Development / Engineering,Hyderabad,India,https://cgi.njoyn.com/CORP/xweb.asp?NTKN=c&clid=21001&Page=JobDetails&Jobid=J0726-1222&BRID=1322075&lang=1
J0626-0629,Senior Automation Tester,Testing/Quality Assurance,Hyderabad,India,https://cgi.njoyn.com/CORP/xweb.asp?NTKN=c&clid=21001&Page=JobDetails&Jobid=J0626-0629&BRID=1321807&lang=1
J0726-1019,"Elasticsearch Admin, Search Relevancy, Python/Java, Semantic search (ELSER)",Software Development / Engineering,Hyderabad,India,https://cgi.njoyn.com/CORP/xweb.asp?NTKN=c&clid=21001&Page=JobDetails&Jobid=J0726-1019&BRID=1316954&lang=1
J0726-2488,Lead Analyst - Java Full Stack,Software Development / Engineering,Hyderabad,India,https://cgi.njoyn.com/CORP/xweb.asp?NTKN=c&clid=21001&Page=JobDetails&Jobid=J0726-2488&BRID=1321544&lang=1
J0326-2688,Test Engineer-Salesforce Testing,Testing/Quality Assurance,Hyderabad,India,https://cgi.njoyn.com/CORP/xweb.asp?NTKN=c&clid=21001&Page=JobDetails&Jobid=J0326-2688&BRID=1319247&lang=1
J0726-1011,Senior Test Engineer- QA Automation Testing,Testing/Quality Assurance,Hyderabad,India,https://cgi.njoyn.com/CORP/xweb.asp?NTKN=c&clid=21001&Page=JobDetails&Jobid=J0726-1011&BRID=1321487&lang=1
J0626-1835,Manager Consulting Delivery,Leadership and Management Roles,Hyderabad,India,https://cgi.njoyn.com/CORP/xweb.asp?NTKN=c&clid=21001&Page=JobDetails&Jobid=J0626-1835&BRID=1321485&lang=1
J0226-1613,Senior Data Engineer-Senior Software Engineer,Software Development / Engineering,Hyderabad,India,https://cgi.njoyn.com/CORP/xweb.asp?NTKN=c&clid=21001&Page=JobDetails&Jobid=J0226-1613&BRID=1321225&lang=1
J0526-2345,Java Full stack Developer,Software Development / Engineering,Hyderabad,India,https://cgi.njoyn.com/CORP/xweb.asp?NTKN=c&clid=21001&Page=JobDetails&Jobid=J0526-2345&BRID=1314074&lang=1
J0726-0533,Java Full Stack Lead Analyst,Software Development / Engineering,Hyderabad,India,https://cgi.njoyn.com/CORP/xweb.asp?NTKN=c&clid=21001&Page=JobDetails&Jobid=J0726-0533&BRID=1321160&lang=1
J0626-1649,Senior Software engineer- Actimize Developer - J0626-1649,Software Development / Engineering,Hyderabad,India,https://cgi.njoyn.com/CORP/xweb.asp?NTKN=c&clid=21001&Page=JobDetails&Jobid=J0626-1649&BRID=1320760&lang=1
J0726-0075,Lead Analyst - Agentic AI Engineer,Software Development / Engineering,Hyderabad,India,https://cgi.njoyn.com/CORP/xweb.asp?NTKN=c&clid=21001&Page=JobDetails&Jobid=J0726-0075&BRID=1313038&lang=1
J0726-0066,Lead Java Full Stack Developer,Software Development / Engineering,Hyderabad,India,https://cgi.njoyn.com/CORP/xweb.asp?NTKN=c&clid=21001&Page=JobDetails&Jobid=J0726-0066&BRID=1313024&lang=1
J0726-0073,Lead Analyst – Java Full Stack developer,Software Development / Engineering,Hyderabad,India,https://cgi.njoyn.com/CORP/xweb.asp?NTKN=c&clid=21001&Page=JobDetails&Jobid=J0726-0073&BRID=1312922&lang=1
J0626-0356,Lead Analyst - Microservices & Kafka,Software Development / Engineering,Hyderabad,India,https://cgi.njoyn.com/CORP/xweb.asp?NTKN=c&clid=21001&Page=JobDetails&Jobid=J0626-0356&BRID=1307420&lang=1
