title,job_id,designation,location,experience,skills,posted_date,url
FUNCTIONAL LEAD,275866,FUNCTIONAL LEAD,"Hyderabad, Telangana, India",8.0 to 12.5 Years ,"SAP C4C,BI",18-Feb-2026,https://careers.coforge.com/job/senior-technical-lead-hyderabad-2026021819113931
SENIOR ASSOCIATE - PROCESS,174613,,"Bengaluru, Karnataka, India",,  SAP MM SRM,,https://careers.coforge.com/job/sap-mm-consultant-arcolab-bangalore-sap-mm-srm-2023110410203778
SAP EWM Consultant,260198,FUNCTIONAL LEAD,"Bengaluru, Karnataka, India",5.5 to 9.5 Years ,SAP WM/EWM,17-Nov-2025,https://careers.coforge.com/job/functional-lead-bangalore-2025111711563890
Sql Developer,234808,,"Hyderabad, Telangana, India",2.0 to 6.0 Years ,  SQL SERVER,02-Jul-2025,https://careers.coforge.com/job/senior-software-engineer-hyderabad-2025070212450347
Duckcreek Policy Lead & Architect,290656,SENIOR ENGINEER,"Bhubaneswar, Odisha, India",2.0 to 6.0 Years ,Duck Creek,15-May-2026,https://careers.coforge.com/job/senior-engineer-greater-noida-2026051512405921
SENIOR ENGINEER,006fu00000JtVPtAAN-3-1,SENIOR ENGINEER,"Greater Noida, Uttar Pradesh, India",3 to 5yrs Years ,GUIDEWIRE CLAIMS CENTER,16-Jul-2026,https://careers.coforge.com/job/senior-engineer-greater-noida-2026071617413065
Lead Guidewire Billing Developer / Architect,219797,SENIOR ENGINEER,"Mumbai, Maharashtra, India",5.5 to 9.5 Years ,Guidewire  - Billing centre,17-Feb-2025,https://careers.coforge.com/job/technical-analyst-greater-noida-202502171857145
Guidewire Policy Tester,006fu00000JtVPtAAN-8-1,SENIOR TEAM LEADER,"Greater Noida, Uttar Pradesh, India",3 to 5yrs Years ,GUIDEWIRE POLICY CENTER,15-Jul-2026,https://careers.coforge.com/job/senior-team-leader-greater-noida-2026071514234975
SENIOR TECHNICAL ARCHITECT,200111,,"Bengaluru, Karnataka, India",12.5 to 18.0 Years ,"Snowflake, DBT, AWS, SQL",22-Aug-2024,https://careers.coforge.com/job/senior-technical-architect-bangalore-2024082210011152
Solution / Enterprise Architect,206630,,"Greater Noida, Uttar Pradesh, India",13.0 to 26.0 Years ,"Azure services, including Compute, Storage, Networking, Security, and Databases, Solutioning, Pre-sales, support, Architecture, .NET technologies (e.g., ASP.NET, .NET Core), application servers, and databases (e.g., SQL Server, Oracle)",16-Oct-2024,https://careers.coforge.com/job/enterprise-architect-greater-noida-2024101616213233
MANAGER - FINANCE,201643,GROUP LEAD,"Greater Noida, Uttar Pradesh, India",10.0 to 15.0 Years ,FS-FINANCIAL MANAGEMENT,03-Sep-2024,https://careers.coforge.com/job/group-manager-finance-greater-noida-2024090311404332
Engineering Lead,289131,ENGINEERING LEAD,"Hyderabad, Telangana, India",10.0 to 15.0 Years ,Core JAVA,04-May-2026,https://careers.coforge.com/job/engineering-lead-hyderabad-2026050412404625
SOFTWARE ENGINEER,229536,,"Bengaluru, Karnataka, India",0.0 to 2.0 Years ,  JAVA MICROSERVICES,20-May-2025,https://careers.coforge.com/job/software-engineer-bangalore-2025052015103069
TECHNICAL LEAD,30199-CIMS-SEZ4-FM-1-1,TECHNICAL LEAD,"Greater Noida, Uttar Pradesh, India",5 to 7yrs Years ,ITIL,17-Jun-2026,https://careers.coforge.com/job/technical-lead-greater-noida-2026061712314416
ENGINEERING LEAD,267351,ENGINEERING LEAD,"Greater Noida, Uttar Pradesh, India",8.0 to 12.5 Years ,Core JAVA,23-Jan-2026,https://careers.coforge.com/job/senior-technical-lead-greater-noida-202601231025593
TECHNICAL LEAD,006fu00000JtVPtAAN-15-1,TECHNICAL LEAD,"Greater Noida, Uttar Pradesh, India",5 to 7yrs Years ,GUIDEWIRE POLICY CENTER,15-Jul-2026,https://careers.coforge.com/job/technical-lead-greater-noida-2026071514063795
SAP QM Consultant,278836,TECHNICAL LEAD,"Hyderabad, Telangana, India",8.0 to 12.5 Years ,SAP QM,06-Mar-2026,https://careers.coforge.com/job/senior-technical-lead-pune-2026030613401468
Guidewire Practice Leader,189850,,"Greater Noida, Uttar Pradesh, India",13.0 to 24.0 Years ,Guidewire,08-May-2024,https://careers.coforge.com/job/practice-leader-greater-noida-2024050817503491
PROJECT MANAGER,264904,PROJECT HEAD,"Greater Noida, Uttar Pradesh, India",8.0 to 12.5 Years ,"Project Management,Java Programming",30-Dec-2025,https://careers.coforge.com/job/senior-project-lead-shastri-park-delhi-2025123011055138
ANALYTICS LEAD,182571,,"Greater Noida, Uttar Pradesh, India",5.5 to 9.5 Years ,  BUSINESS ANALYST - TRAVEL,20-Feb-2024,https://careers.coforge.com/job/analytics-lead-greater-noida-2024022011233124
Enterprise Architect - Azure,206642,,"Greater Noida, Uttar Pradesh, India",12.5 to 18.0 Years ,"Azure services, including Compute, Storage, Networking, Security, and Databases, Solutioning, Pre-sales, support, Architecture, .NET technologies (e.g., ASP.NET, .NET Core), application servers, and databases (e.g., SQL Server, Oracle)",16-Oct-2024,https://careers.coforge.com/job/senior-technical-architect-greater-noida-2024101616223075
CONSULTANT - SERVICENOW ITOM,275679,CONSULTANT,"Greater Noida, Uttar Pradesh, India",10.0 to 15.0 Years ,ServiceNow,26-Feb-2026,https://careers.coforge.com/job/consultant-service-now-greater-noida-2026022612501234
TECHNICAL LEAD,14489-IMS-SEZ4-FP-1-1,TECHNICAL LEAD,"Greater Noida, Uttar Pradesh, India",5.0 to 13.0 Years ,"Database Architecture,Database Administration(Core),POSTGRE SQL",21-May-2026,https://careers.coforge.com/job/cims-greater-noida-2026052611205746
Python GEN AI,264993,LEAD,"Pune, Maharashtra, India",2.0 to 6.0 Years ,Python,06-Jan-2026,https://careers.coforge.com/job/senior-engineer-pune-2026010609441166
SENIOR TECHNICAL LEAD,283532,TECHNICAL LEAD,"Mumbai, Maharashtra, India",8.0 to 12.5 Years ,MULE ENTERPRISE SERVICE BUS,27-Mar-2026,https://careers.coforge.com/job/senior-technical-lead-navi-mumbai-2026032713024310
Duckcreek Billing Developer,4522-3-2-1,TECHNICAL LEAD,"Noida, Uttar Pradesh, India",5 to 7yrs Years ,Duck Creek Billing,15-Jul-2026,https://careers.coforge.com/job/technical-lead-mumbai-2026071516401312
Duckcreek Billing Architect,290655,PRACTICING ARCHITECT,"Bhubaneswar, Odisha, India",10.0 to 15.0 Years ,Duck Creek,15-May-2026,https://careers.coforge.com/job/technical-architect-greater-noida-2026051512404282
Technical Lead,288672,TECHNICAL LEAD,"Hyderabad, Telangana, India",5.5 to 9.5 Years ,FULLSTACK ( JAVA + UI ),28-Apr-2026,https://careers.coforge.com/job/technical-lead-hyderabad-2026042819525792
SENIOR TECHNICAL LEAD,5608-SS-SZ4-TM-1-1,TECHNICAL LEAD,"Bengaluru, Karnataka, India",8.0 to 12.0 Years ,Okta,23-Jun-2026,https://careers.coforge.com/job/technical-lead-greater-noida-2026062409322383
SENIOR ENGINEER,276214,SENIOR ENGINEER,"Kolkata, West Bengal, India",2.0 to 6.0 Years ,Guidewire  - Policy centre,24-Feb-2026,https://careers.coforge.com/job/senior-engineer-mumbai-202602241703329
SAP S4 Hana Service Consultant,286520,TECHNICAL LEAD,"Bengaluru, Karnataka, India",2.0 to 6.0 Years ,"SAP S/4HANA Service Management, Sap S4 Hana Consultant, Sap Customer Service",13-Apr-2026,https://careers.coforge.com/job/senior-engineer-bengaluru-2026041311422355
SENIOR ASSOCIATE - IT OPS SERVICES,179827,,"Greater Noida, Uttar Pradesh, India",2.0 to 6.0 Years ,Designing and setup of network ,22-Feb-2024,https://careers.coforge.com/job/senior-associate-it-ops-services-greater-noida-2024022216202147
Guidewire Developer,14789-DIS-PUNE-TM-5-1,TECHNICAL LEAD,"Noida, Uttar Pradesh, India",5 to 7yrs Years ,GUIDEWIRE CLAIMS CENTER,11-Jun-2026,https://careers.coforge.com/job/technical-lead-noida-2026061116065457
Technical Lead,286525,TECHNICAL LEAD,"Hyderabad, Telangana, India",2.0 to 6.0 Years ,SAP BODS,13-Apr-2026,https://careers.coforge.com/job/senior-engineer-bengaluru-2026041311433878
SAP Master Data Migration Specialist,10444-BLR-ERP-ONBD-8-1,SENIOR ENGINEER,"Bengaluru, Karnataka, India",3 to 5yrs Years ,SAP Master data governance,16-Jul-2026,https://careers.coforge.com/job/senior-engineer-bangalore-2026071611221046
SENIOR PRACTICE MANAGER,207570,PRACTICE MANAGER,"Greater Noida, Uttar Pradesh, India",13.0 to 26.0 Years ,ENTERPRISE ARCHITECT,23-Oct-2024,https://careers.coforge.com/job/senior-practice-leader-digital-services-greater-noida-2024102312223565
SENIOR ENGINEER,279552,SENIOR ENGINEER,"Greater Noida, Uttar Pradesh, India",0.4 to 1.2 Years ,Data Analysis,15-Mar-2026,https://careers.coforge.com/job/associate-manager-greater-noida-2026031514015047
PROJECT MANAGER,277820,PROJECT HEAD,"Hyderabad, Telangana, India",12.5 to 18.0 Years ,MULE ENTERPRISE SERVICE BUS,02-Mar-2026,https://careers.coforge.com/job/project-manager-hyderabad-2026030212311885
Duck Creek Policy Dev/Lead,10066-61-7-1,TECHNICAL LEAD,"Pune, Maharashtra, India",5 to 7yrs Years ,Duck Creek Policy,27-Jul-2026,https://careers.coforge.com/job/senior-technical-lead-greater-noida-2026072713424923
Guidewire Policy Developer,275528,SENIOR ENGINEER,"Greater Noida, Uttar Pradesh, India",2.0 to 6.0 Years ,"Guidewire - Claim centre,Claims",17-Feb-2026,https://careers.coforge.com/job/senior-engineer-greater-noida-202602171242138
SENIOR ENGINEER,290214,SENIOR ENGINEER,"Bengaluru, Karnataka, India",2.0 to 6.0 Years ,SAP ABAP WORKFLOW,12-May-2026,https://careers.coforge.com/job/senior-engineer-bengaluru-2026051215022430
SENIOR ENGINEER,264994,SENIOR ENGINEER,"Greater Noida, Uttar Pradesh, India",2.0 to 6.0 Years ,Core JAVA,06-Jan-2026,https://careers.coforge.com/job/senior-engineer-greater-noida-2026010609442854
SENIOR ASSOCIATE - INFRASTRUCTURE,7552-AM-BLR4-FM-1-1,SENIOR ASSOCIATE,"Bengaluru, Karnataka, India",3 to 10 Years ,other Lab systems,09-Jun-2026,https://careers.coforge.com/job/senior-engineer-bangalore-202606121111008
SOLUTIONS ARCHITECT,221683,PRACTICING ARCHITECT,"Greater Noida, Uttar Pradesh, India",10.0 to 15.0 Years ,Sales & Service Analytics,07-Mar-2025,https://careers.coforge.com/job/data-architect-greater-noida-2025030702301979
Guidewire Claims Developer,287635,TECHNICAL LEAD,"Mumbai, Maharashtra, India",8.0 to 12.5 Years ,"Guidewire - Claim centre,Zephyr",23-Apr-2026,https://careers.coforge.com/job/senior-technical-lead-greater-noida-2026042312212185
SAP BODS Consultant,10444-BLR-ERP-ONBD-10-2,SENIOR ENGINEER,"Bengaluru, Karnataka, India",3 to 5yrs Years ,SAP BODS,08-Jul-2026,https://careers.coforge.com/job/senior-engineer-bangalore-2026070814211976
Senior Project Manager- Application Development- Insurance Domain,288238,PROJECT HEAD,"Greater Noida, Uttar Pradesh, India",10.0 to 15.0 Years ,"Program Management,SALESFORCE INTEGRATION DEVELOPER",04-May-2026,https://careers.coforge.com/job/project-manager-greater-noida-2026050410004320
TECHNICAL LEAD,286517,TECHNICAL LEAD,"Pune, Maharashtra, India",2.0 to 6.0 Years ,"SAP PI (CORE),SAP MDM",13-Apr-2026,https://careers.coforge.com/job/senior-engineer-bengaluru-202604131141423
Duck Creek Billing Developer / Lead,006fu00000PxcAvAAJ-2-1,TECHNICAL LEAD,"Noida, Uttar Pradesh, India",5 to 7yrs Years ,Duck Creek Billing,01-Jun-2026,https://careers.coforge.com/job/technical-lead-noida-2026060118415482
Guidewire Policy Center developer,14789-DIS-PUNE-TM-3-1,TECHNICAL LEAD,"Hyderabad, Telangana, India",3 to 5yrs Years ,"GUIDEWIRE POLICY CENTER,GUIDEWIRE RATING DEVELOPER,Postman",01-Jun-2026,https://careers.coforge.com/job/senior-team-member-pune-2026060117203637
TECHNICAL ARCHITECT,006IS0000034hbgYAA-3-1,ARCHITECT,"Greater Noida, Uttar Pradesh, India",7 to 10yrs Years ,Java8+,19-Jun-2026,https://careers.coforge.com/job/technical-architect-greater-noida-2026061912425294
Business Analyst,006fu00000U6FrAAAV-1-1,LEAD ANALYST,"Greater Noida, Uttar Pradesh, India",5 to 7yrs Years ,"Insurance Industry,Life Insurance Basic Concepts,Annuity",29-Jun-2026,https://careers.coforge.com/job/associate-consultant-greater-noida-2026062911581356
SENIOR ENGINEER,006fu00000JtVPtAAN-16-1,SENIOR ENGINEER,"Hyderabad, Telangana, India",3 to 5yrs Years ,GUIDEWIRE POLICY CENTER,15-Jul-2026,https://careers.coforge.com/job/senior-engineer-greater-noida-2026071514035388
TECHNICAL LEAD,259755,TECHNICAL LEAD,"Bengaluru, Karnataka, India",5.5 to 9.5 Years ,Core JAVA,19-Nov-2025,https://careers.coforge.com/job/technical-lead-bangalore-2025111912311784
SENIOR TECHNICAL ARCHITECT,256340,PRACTICING ARCHITECT,"Hyderabad, Telangana, India",10.0 to 15.0 Years ,PEga Case Management,23-Oct-2025,https://careers.coforge.com/job/technical-architect-hyderabad-202510231940546
Duckcreek Billing Dev &  Lead,288840,ARCHITECT,"Bhubaneswar, Odisha, India",5.5 to 9.5 Years ,Duck Creek Billing,30-Apr-2026,https://careers.coforge.com/job/technical-lead-greater-noida-2026043014103097
