title,job_id,location,url,apply_url
Data Scientist,27471,"India, Bangalore.",https://dth.avature.net/en_US/careers/JobDetail/Data-Scientist/27472?jobId=27472,https://dth.avature.net/en_US/careers/ApplicationMethods?jobId=27472&source=Delta+Career+Site
Engineer Hangar Demand Planning,27449,"India, Bangalore.",https://dth.avature.net/en_US/careers/JobDetail/Engineer-Hangar-Demand-Planning-2026/27449?jobId=27449,https://dth.avature.net/en_US/careers/ApplicationMethods?jobId=27449&source=Delta+Career+Site
Engineering Leader,27550,"India, Bangalore.",https://dth.avature.net/en_US/careers/JobDetail/Engineering-Leader/27551?jobId=27551,https://dth.avature.net/en_US/careers/ApplicationMethods?jobId=27551&source=Delta+Career+Site
Engineering Leader,27481,"India, Bangalore.",https://dth.avature.net/en_US/careers/JobDetail/Engineering-Leader/27482?jobId=27482,https://dth.avature.net/en_US/careers/ApplicationMethods?jobId=27482&source=Delta+Career+Site
Engineering Leader,27332,"India, Bangalore.",https://dth.avature.net/en_US/careers/JobDetail/Engineering-Leader/27332?jobId=27332,https://dth.avature.net/en_US/careers/ApplicationMethods?jobId=27332&source=Delta+Career+Site
HR SysOps Lead Specialist (SAP Payroll),27442,"India, Bangalore.",https://dth.avature.net/en_US/careers/JobDetail/HR-SysOps-Lead-Specialist-SAP-Payroll/27442?jobId=27442,https://dth.avature.net/en_US/careers/ApplicationMethods?jobId=27442&source=Delta+Career+Site
HR SysOps Lead Specialist (SAP Time Management),27441,"India, Bangalore.",https://dth.avature.net/en_US/careers/JobDetail/HR-SysOps-Lead-Specialist-SAP-Time-Management/27441?jobId=27441,https://dth.avature.net/en_US/careers/ApplicationMethods?jobId=27441&source=Delta+Career+Site
Lead AI and ML Engineer,27482,"India, Bangalore.",https://dth.avature.net/en_US/careers/JobDetail/Lead-AI-and-ML-Engineer/27483?jobId=27483,https://dth.avature.net/en_US/careers/ApplicationMethods?jobId=27483&source=Delta+Career+Site
Lead Software Development Engineer,27264,"India, Bangalore.",https://dth.avature.net/en_US/careers/JobDetail/Lead-Android/27264?jobId=27264,https://dth.avature.net/en_US/careers/ApplicationMethods?jobId=27264&source=Delta+Career+Site
Lead Data Scientist,27421,"India, Bangalore.",https://dth.avature.net/en_US/careers/JobDetail/Lead-Data-Scientist/27421?jobId=27421,https://dth.avature.net/en_US/careers/ApplicationMethods?jobId=27421&source=Delta+Career+Site
Lead Developer,27424,"India, Bangalore.",https://dth.avature.net/en_US/careers/JobDetail/Lead-Developer/27424?jobId=27424,https://dth.avature.net/en_US/careers/ApplicationMethods?jobId=27424&source=Delta+Career+Site
Lead Development Engineer,27562,"India, Bangalore.",https://dth.avature.net/en_US/careers/JobDetail/Lead-Development-Engineer-Agentic-AI/27563?jobId=27563,https://dth.avature.net/en_US/careers/ApplicationMethods?jobId=27563&source=Delta+Career+Site
Lead Development Engineer,27529,"India, Bangalore.",https://dth.avature.net/en_US/careers/JobDetail/Lead-Development-Engineer-Gen-AI/27530?jobId=27530,https://dth.avature.net/en_US/careers/ApplicationMethods?jobId=27530&source=Delta+Career+Site
Lead Development Engineer,27553,"India, Bangalore.",https://dth.avature.net/en_US/careers/JobDetail/Lead-Development-Engineer-Gen-AI-C1/27554?jobId=27554,https://dth.avature.net/en_US/careers/ApplicationMethods?jobId=27554&source=Delta+Career+Site
Lead Development Engineer,27604,"India, Bangalore.",https://dth.avature.net/en_US/careers/JobDetail/Lead-Development-Engineer-Gen-AI-C4/27605?jobId=27605,https://dth.avature.net/en_US/careers/ApplicationMethods?jobId=27605&source=Delta+Career+Site
Lead Development Engineer,27554,"India, Bangalore.",https://dth.avature.net/en_US/careers/JobDetail/Lead-Development-Engineer-Gen-AI-C2/27555?jobId=27555,https://dth.avature.net/en_US/careers/ApplicationMethods?jobId=27555&source=Delta+Career+Site
Lead Development Engineer,27555,"India, Bangalore.",https://dth.avature.net/en_US/careers/JobDetail/Lead-Development-Engineer-Gen-AI-C3/27556?jobId=27556,https://dth.avature.net/en_US/careers/ApplicationMethods?jobId=27556&source=Delta+Career+Site
Lead Systems Analyst,27433,"India, Bangalore.",https://dth.avature.net/en_US/careers/JobDetail/Lead-Product-Owner-HR-SysOps/27433?jobId=27433,https://dth.avature.net/en_US/careers/ApplicationMethods?jobId=27433&source=Delta+Career+Site
Lead Salesforce Administrator & Release Manager,27503,"India, Bangalore.",https://dth.avature.net/en_US/careers/JobDetail/Lead-Salesforce-Administrator-Release-Manager/27504?jobId=27504,https://dth.avature.net/en_US/careers/ApplicationMethods?jobId=27504&source=Delta+Career+Site
Lead Quality Engineer,27411,"India, Bangalore.",https://dth.avature.net/en_US/careers/JobDetail/Lead-SDET-7-VAA/27411?jobId=27411,https://dth.avature.net/en_US/careers/ApplicationMethods?jobId=27411&source=Delta+Career+Site
Lead Web Developer,27491,"India, Bangalore.",https://dth.avature.net/en_US/careers/JobDetail/Lead-Web-Developer-VAA/27492?jobId=27492,https://dth.avature.net/en_US/careers/ApplicationMethods?jobId=27492&source=Delta+Career+Site
Senior Engineer - Maintenance Programs,27159,"India, Bangalore.",https://dth.avature.net/en_US/careers/JobDetail/Maintenance-Programs-Senior-Engineer/27159?jobId=27159,https://dth.avature.net/en_US/careers/ApplicationMethods?jobId=27159&source=Delta+Career+Site
Manager HR Platforms and Delivery,27432,"India, Bangalore.",https://dth.avature.net/en_US/careers/JobDetail/Manager-HR-Platforms-Delivery/27432?jobId=27432,https://dth.avature.net/en_US/careers/ApplicationMethods?jobId=27432&source=Delta+Career+Site
Manager – Business Innovation Strategy and  Analytics,27391,"India, Bangalore.",https://dth.avature.net/en_US/careers/JobDetail/Manager-Business-Innovation-Strategy-Analytics/27391?jobId=27391,https://dth.avature.net/en_US/careers/ApplicationMethods?jobId=27391&source=Delta+Career+Site
Manager - Data and  AI Delivery,27447,"India, Bangalore.",https://dth.avature.net/en_US/careers/JobDetail/Manager-Data-AI/27447?jobId=27447,https://dth.avature.net/en_US/careers/ApplicationMethods?jobId=27447&source=Delta+Career+Site
Manager Data Engineering,27444,"India, Bangalore.",https://dth.avature.net/en_US/careers/JobDetail/Manager-Data-Engineering/27444?jobId=27444,https://dth.avature.net/en_US/careers/ApplicationMethods?jobId=27444&source=Delta+Career+Site
Manager - Data Science,27532,"India, Bangalore.",https://dth.avature.net/en_US/careers/JobDetail/Manager-GHW/27533?jobId=27533,https://dth.avature.net/en_US/careers/ApplicationMethods?jobId=27533&source=Delta+Career+Site
Manager Materials Management,27269,"India, Bangalore.",https://dth.avature.net/en_US/careers/JobDetail/Manager-Materials-Management/27269?jobId=27269,https://dth.avature.net/en_US/careers/ApplicationMethods?jobId=27269&source=Delta+Career+Site
Propulsion Engineer – Off-wing,27551,"India, Bangalore.",https://dth.avature.net/en_US/careers/JobDetail/Propulsion-Engineer-Off-wing/27552?jobId=27552,https://dth.avature.net/en_US/careers/ApplicationMethods?jobId=27552&source=Delta+Career+Site
Salesforce Platform Administrator,27502,"India, Bangalore.",https://dth.avature.net/en_US/careers/JobDetail/Salesforce-Platform-Administrator/27503?jobId=27503,https://dth.avature.net/en_US/careers/ApplicationMethods?jobId=27503&source=Delta+Career+Site
Salesforce Service Cloud Consultant,27501,"India, Bangalore.",https://dth.avature.net/en_US/careers/JobDetail/Salesforce-Service-Cloud-Consultant/27502?jobId=27502,https://dth.avature.net/en_US/careers/ApplicationMethods?jobId=27502&source=Delta+Career+Site
Senior Analyst Tech Records - Engine & APU,27526,"India, Bangalore.",https://dth.avature.net/en_US/careers/JobDetail/Senior-Analyst-Tech-Records-Engine-APU-2026/27527?jobId=27527,https://dth.avature.net/en_US/careers/ApplicationMethods?jobId=27527&source=Delta+Career+Site
Senior Analytics Specialist,27324,"India, Bangalore.",https://dth.avature.net/en_US/careers/JobDetail/Senior-Analytics-Specialist/27324?jobId=27324,https://dth.avature.net/en_US/careers/ApplicationMethods?jobId=27324&source=Delta+Career+Site
Senior Business Analyst,27435,"India, Bangalore.",https://dth.avature.net/en_US/careers/JobDetail/Senior-Business-Analyst-SysOps/27435?jobId=27435,https://dth.avature.net/en_US/careers/ApplicationMethods?jobId=27435&source=Delta+Career+Site
Senior Component Engineer,27439,"India, Bangalore.",https://dth.avature.net/en_US/careers/JobDetail/Senior-Component-Engineer-C1/27439?jobId=27439,https://dth.avature.net/en_US/careers/ApplicationMethods?jobId=27439&source=Delta+Career+Site
Senior CyberArk PAM Engineer,27577,"India, Bangalore.",https://dth.avature.net/en_US/careers/JobDetail/Senior-CyberArk-PAM-Engineer/27578?jobId=27578,https://dth.avature.net/en_US/careers/ApplicationMethods?jobId=27578&source=Delta+Career+Site
Senior Data Analyst - Quickview & Insights,27436,"India, Bangalore.",https://dth.avature.net/en_US/careers/JobDetail/Senior-Data-Analyst-Quickview-Insights/27436?jobId=27436,https://dth.avature.net/en_US/careers/ApplicationMethods?jobId=27436&source=Delta+Career+Site
Senior Data Analyst,27477,"India, Bangalore.",https://dth.avature.net/en_US/careers/JobDetail/Senior-Data-Analyst-I/27478?jobId=27478,https://dth.avature.net/en_US/careers/ApplicationMethods?jobId=27478&source=Delta+Career+Site
Senior Data Engineer,27511,"India, Bangalore.",https://dth.avature.net/en_US/careers/JobDetail/Senior-Data-Engineer-GHW/27512?jobId=27512,https://dth.avature.net/en_US/careers/ApplicationMethods?jobId=27512&source=Delta+Career+Site
Senior Developer,27425,"India, Bangalore.",https://dth.avature.net/en_US/careers/JobDetail/Senior-Developer/27425?jobId=27425,https://dth.avature.net/en_US/careers/ApplicationMethods?jobId=27425&source=Delta+Career+Site
Senior Engineer Hangar Demand Planning,27448,"India, Bangalore.",https://dth.avature.net/en_US/careers/JobDetail/Senior-Engineer-Hangar-Demand-Planning-2026/27448?jobId=27448,https://dth.avature.net/en_US/careers/ApplicationMethods?jobId=27448&source=Delta+Career+Site
Senior Fleet Engineer - Avionics,27535,"India, Bangalore.",https://dth.avature.net/en_US/careers/JobDetail/Senior-Fleet-Engineer-Avionics/27536?jobId=27536,https://dth.avature.net/en_US/careers/ApplicationMethods?jobId=27536&source=Delta+Career+Site
Senior Fleet Engineer - Avionics,27519,"India, Bangalore.",https://dth.avature.net/en_US/careers/JobDetail/Senior-Fleet-Engineer-Avionics-CNS-2026/27520?jobId=27520,https://dth.avature.net/en_US/careers/ApplicationMethods?jobId=27520&source=Delta+Career+Site
Senior Fleet Engineer - Avionics,27531,"India, Bangalore.",https://dth.avature.net/en_US/careers/JobDetail/Senior-Fleet-Engineer-Avionics-CNS-2026-C1/27532?jobId=27532,https://dth.avature.net/en_US/careers/ApplicationMethods?jobId=27532&source=Delta+Career+Site
Senior Fleet Engineer - Operation,27453,"India, Bangalore.",https://dth.avature.net/en_US/careers/JobDetail/Senior-Fleet-Engineer-Operation-2026/27453?jobId=27453,https://dth.avature.net/en_US/careers/ApplicationMethods?jobId=27453&source=Delta+Career+Site
Senior Fleet Engineer - Structures,27450,"India, Bangalore.",https://dth.avature.net/en_US/careers/JobDetail/Senior-Fleet-Engineer-Structures-2026/27450?jobId=27450,https://dth.avature.net/en_US/careers/ApplicationMethods?jobId=27450&source=Delta+Career+Site
Senior Systems Analyst,27434,"India, Bangalore.",https://dth.avature.net/en_US/careers/JobDetail/Senior-Product-Owner-HR-Sysops/27434?jobId=27434,https://dth.avature.net/en_US/careers/ApplicationMethods?jobId=27434&source=Delta+Career+Site
Senior Propulsion Engineer – Off Wing,27454,"India, Bangalore.",https://dth.avature.net/en_US/careers/JobDetail/Senior-Propulsion-Engineer-Off-wing-2026/27454?jobId=27454,https://dth.avature.net/en_US/careers/ApplicationMethods?jobId=27454&source=Delta+Career+Site
Senior Reliability Programs Specialists,27533,"India, Bangalore.",https://dth.avature.net/en_US/careers/JobDetail/Senior-Reliability-Programs-Specialists/27534?jobId=27534,https://dth.avature.net/en_US/careers/ApplicationMethods?jobId=27534&source=Delta+Career+Site
Senior Reliability Programs Specialists,27578,"India, Bangalore.",https://dth.avature.net/en_US/careers/JobDetail/Senior-Reliability-Programs-Specialists-C1/27579?jobId=27579,https://dth.avature.net/en_US/careers/ApplicationMethods?jobId=27579&source=Delta+Career+Site
Senior Reliability Programs Specialists,27579,"India, Bangalore.",https://dth.avature.net/en_US/careers/JobDetail/Senior-Reliability-Programs-Specialists-C2/27580?jobId=27580,https://dth.avature.net/en_US/careers/ApplicationMethods?jobId=27580&source=Delta+Career+Site
Senior Reliability Programs Specialists,27580,"India, Bangalore.",https://dth.avature.net/en_US/careers/JobDetail/Senior-Reliability-Programs-Specialists-C3/27581?jobId=27581,https://dth.avature.net/en_US/careers/ApplicationMethods?jobId=27581&source=Delta+Career+Site
Senior Reliability Programs Specialists,27581,"India, Bangalore.",https://dth.avature.net/en_US/careers/JobDetail/Senior-Reliability-Programs-Specialists-C4/27582?jobId=27582,https://dth.avature.net/en_US/careers/ApplicationMethods?jobId=27582&source=Delta+Career+Site
Senior Salesforce Administrator,27527,"India, Bangalore.",https://dth.avature.net/en_US/careers/JobDetail/Senior-Salesforce-SLS/27528?jobId=27528,https://dth.avature.net/en_US/careers/ApplicationMethods?jobId=27528&source=Delta+Career+Site
Senior Quality Engineer,27495,"India, Bangalore.",https://dth.avature.net/en_US/careers/JobDetail/Senior-SDET-Frontend-and-Backend-VAA/27496?jobId=27496,https://dth.avature.net/en_US/careers/ApplicationMethods?jobId=27496&source=Delta+Career+Site
Senior Software Development Engineer,27548,"India, Bangalore.",https://dth.avature.net/en_US/careers/JobDetail/Senior-Software-Development-Engineer/27549?jobId=27549,https://dth.avature.net/en_US/careers/ApplicationMethods?jobId=27549&source=Delta+Career+Site
Senior Software Development Engineer,27545,"India, Bangalore.",https://dth.avature.net/en_US/careers/JobDetail/Senior-Software-Development-Engineer/27546?jobId=27546,https://dth.avature.net/en_US/careers/ApplicationMethods?jobId=27546&source=Delta+Career+Site
Senior Software Development Engineer,27539,"India, Bangalore.",https://dth.avature.net/en_US/careers/JobDetail/Senior-Software-Development-Engineer/27540?jobId=27540,https://dth.avature.net/en_US/careers/ApplicationMethods?jobId=27540&source=Delta+Career+Site
Senior Software Development Engineer,27546,"India, Bangalore.",https://dth.avature.net/en_US/careers/JobDetail/Senior-Software-Development-Engineer/27547?jobId=27547,https://dth.avature.net/en_US/careers/ApplicationMethods?jobId=27547&source=Delta+Career+Site
Senior Software Development Engineer,27547,"India, Bangalore.",https://dth.avature.net/en_US/careers/JobDetail/Senior-Software-Development-Engineer/27548?jobId=27548,https://dth.avature.net/en_US/careers/ApplicationMethods?jobId=27548&source=Delta+Career+Site
Senior Software Development Engineer,27594,"India, Bangalore.",https://dth.avature.net/en_US/careers/JobDetail/Senior-Software-Development-Engineer-C1/27595?jobId=27595,https://dth.avature.net/en_US/careers/ApplicationMethods?jobId=27595&source=Delta+Career+Site
Senior Software Development Engineer,27595,"India, Bangalore.",https://dth.avature.net/en_US/careers/JobDetail/Senior-Software-Development-Engineer-C1/27596?jobId=27596,https://dth.avature.net/en_US/careers/ApplicationMethods?jobId=27596&source=Delta+Career+Site
Senior Software Development Engineer- AI,27544,"India, Bangalore.",https://dth.avature.net/en_US/careers/JobDetail/Senior-Software-Development-Engineer-AI/27545?jobId=27545,https://dth.avature.net/en_US/careers/ApplicationMethods?jobId=27545&source=Delta+Career+Site
Senior Software Development Engineer,27560,"India, Bangalore.",https://dth.avature.net/en_US/careers/JobDetail/Senior-Software-Development-Engineer-AI/27561?jobId=27561,https://dth.avature.net/en_US/careers/ApplicationMethods?jobId=27561&source=Delta+Career+Site
Senior Sourcing Engineer,27476,"India, Bangalore.",https://dth.avature.net/en_US/careers/JobDetail/Senior-Sourcing-Engineer-SCM-2026/27477?jobId=27477,https://dth.avature.net/en_US/careers/ApplicationMethods?jobId=27477&source=Delta+Career+Site
Senior Data Analyst - SCM_Systems & Strategy,27528,"India, Bangalore.",https://dth.avature.net/en_US/careers/JobDetail/Senior-Sourcing-Engineer-SCM-Systems-Strategy-2026/27529?jobId=27529,https://dth.avature.net/en_US/careers/ApplicationMethods?jobId=27529&source=Delta+Career+Site
Senior Support Specialist,27437,"India, Bangalore.",https://dth.avature.net/en_US/careers/JobDetail/Senior-Support-Specialist-SysOps/27437?jobId=27437,https://dth.avature.net/en_US/careers/ApplicationMethods?jobId=27437&source=Delta+Career+Site
Senior Developer,27492,"India, Bangalore.",https://dth.avature.net/en_US/careers/JobDetail/Senior-Web-Developer-VAA/27493?jobId=27493,https://dth.avature.net/en_US/careers/ApplicationMethods?jobId=27493&source=Delta+Career+Site
Software Development Engineer,27541,"India, Bangalore.",https://dth.avature.net/en_US/careers/JobDetail/Software-Development-Engineer/27542?jobId=27542,https://dth.avature.net/en_US/careers/ApplicationMethods?jobId=27542&source=Delta+Career+Site
Senior Liaison Engineer,27193,"India, Bangalore.",https://dth.avature.net/en_US/careers/JobDetail/Sr-Liaison-Engineer-C1/27193?jobId=27193,https://dth.avature.net/en_US/careers/ApplicationMethods?jobId=27193&source=Delta+Career+Site
Technical Writer,27289,"India, Bangalore.",https://dth.avature.net/en_US/careers/JobDetail/Technical-Writer-I/27289?jobId=27289,https://dth.avature.net/en_US/careers/ApplicationMethods?jobId=27289&source=Delta+Career+Site
TechOps Commercial Products Sales Support Manager,27489,"India, Bangalore.",https://dth.avature.net/en_US/careers/JobDetail/TechOps-Commercial-Products-Sales-Support-Manager/27490?jobId=27490,https://dth.avature.net/en_US/careers/ApplicationMethods?jobId=27490&source=Delta+Career+Site
TechOps Commercial Project Manager,27490,"India, Bangalore.",https://dth.avature.net/en_US/careers/JobDetail/TechOps-Commercial-Project-Lead/27491?jobId=27491,https://dth.avature.net/en_US/careers/ApplicationMethods?jobId=27491&source=Delta+Career+Site
