title,location,url
Assistant Manager - Markets - National - CBS - C&I - BD & CE Leadership - Mumbai,"Mumbai, MH, IN, 400028",https://careers.ey.com/ey/job/Mumbai-Assistant-Manager-Markets-National-CBS-C&I-BD-&-CE-Leadership-Mumbai-MH-400028/1420034533/
Assistant Manager - Markets - National - CBS - C&I - BD & CE Leadership - Mumbai,"Mumbai, MH, IN, 400028",https://careers.ey.com/ey/job/Mumbai-Assistant-Manager-Markets-National-CBS-C&I-BD-&-CE-Leadership-Mumbai-MH-400028/1420034533/
Senior Manager - Markets - TMT - CBS - C&I - BD & CE Leadership - Hyderabad,"Hyderabad, IN, 500032",https://careers.ey.com/ey/job/Hyderabad-Senior-Manager-Markets-TMT-CBS-C&I-BD-&-CE-Leadership-Hyderabad-500032/1414708133/
Senior Manager - Markets - TMT - CBS - C&I - BD & CE Leadership - Hyderabad,"Hyderabad, IN, 500032",https://careers.ey.com/ey/job/Hyderabad-Senior-Manager-Markets-TMT-CBS-C&I-BD-&-CE-Leadership-Hyderabad-500032/1414708133/
EY India,"Gurugram, HR, IN, 122003",https://careers.ey.com/ey/job/Gurugram-EY-India-HR-122003/1411496733/
EY India,"Gurugram, HR, IN, 122003",https://careers.ey.com/ey/job/Gurugram-EY-India-HR-122003/1411496733/
Senior Associate,"Bengaluru, KA, IN, 560016",https://careers.ey.com/ey/job/Bengaluru-Senior-Associate-KA-560016/1413201333/
Senior Associate,"Bengaluru, KA, IN, 560016",https://careers.ey.com/ey/job/Bengaluru-Senior-Associate-KA-560016/1413201333/
Director - TAX - National - TAX - PAS - Payroll Operate - Hyderabad,"Hyderabad, IN, 500032",https://careers.ey.com/ey/job/Hyderabad-Director-TAX-National-TAX-PAS-Payroll-Operate-Hyderabad-500032/1420086733/
Director - TAX - National - TAX - PAS - Payroll Operate - Hyderabad,"Hyderabad, IN, 500032",https://careers.ey.com/ey/job/Hyderabad-Director-TAX-National-TAX-PAS-Payroll-Operate-Hyderabad-500032/1420086733/
Executive - Assurance - National - ASU - FAAS - Financial&AccountingAdv - Mumbai,"Mumbai, MH, IN, 400028",https://careers.ey.com/ey/job/Mumbai-Executive-Assurance-National-ASU-FAAS-Financial&AccountingAdv-Mumbai-MH-400028/1408681133/
Executive - Assurance - National - ASU - FAAS - Financial&AccountingAdv - Mumbai,"Mumbai, MH, IN, 400028",https://careers.ey.com/ey/job/Mumbai-Executive-Assurance-National-ASU-FAAS-Financial&AccountingAdv-Mumbai-MH-400028/1408681133/
Manager - Assurance - National - ASU - FAAS - Financial&AccountingAdv - Mumbai,"Mumbai, MH, IN, 400028",https://careers.ey.com/ey/job/Mumbai-Manager-Assurance-National-ASU-FAAS-Financial&AccountingAdv-Mumbai-MH-400028/1423551433/
Manager - Assurance - National - ASU - FAAS - Financial&AccountingAdv - Mumbai,"Mumbai, MH, IN, 400028",https://careers.ey.com/ey/job/Mumbai-Manager-Assurance-National-ASU-FAAS-Financial&AccountingAdv-Mumbai-MH-400028/1423551433/
Senior Consultant - Business Consulting PI - AMI - CNS - BC - Marketing Sales & Service - Mumbai,"Mumbai, MH, IN, 400028",https://careers.ey.com/ey/job/Mumbai-Senior-Consultant-Business-Consulting-PI-AMI-CNS-BC-Marketing-Sales-&-Service-Mumbai-MH-400028/1274058101/
Senior Consultant - Business Consulting PI - AMI - CNS - BC - Marketing Sales & Service - Mumbai,"Mumbai, MH, IN, 400028",https://careers.ey.com/ey/job/Mumbai-Senior-Consultant-Business-Consulting-PI-AMI-CNS-BC-Marketing-Sales-&-Service-Mumbai-MH-400028/1274058101/
Senior Manager - HR - Operations - CBS - TAL - Enablement - New Delhi,"New Delhi, National Capital Territory, IN, 110037",https://careers.ey.com/ey/job/New-Delhi-Senior-Manager-HR-Operations-CBS-TAL-Enablement-New-Delhi-Nati-110037/1420253233/
Senior Manager - HR - Operations - CBS - TAL - Enablement - New Delhi,"New Delhi, National Capital Territory, IN, 110037",https://careers.ey.com/ey/job/New-Delhi-Senior-Manager-HR-Operations-CBS-TAL-Enablement-New-Delhi-Nati-110037/1420253233/
TechOps-DE-CloudOpsAMS-GW PC/CC/BC - Staff/Senior/Manager,"Coimbatore, TN, IN, 641049",https://careers.ey.com/ey/job/Coimbatore-TechOps-DE-CloudOpsAMS-GW-PCCCBC-StaffSeniorManager-TN-641049/1252209901/
TechOps-DE-CloudOpsAMS-GW PC/CC/BC - Staff/Senior/Manager,"Coimbatore, TN, IN, 641049",https://careers.ey.com/ey/job/Coimbatore-TechOps-DE-CloudOpsAMS-GW-PCCCBC-StaffSeniorManager-TN-641049/1252209901/
Assistant Manager - TAX - National - TAX - GCR - ACR - Chennai,"Chennai, TN, IN, 600113",https://careers.ey.com/ey/job/Chennai-Assistant-Manager-TAX-National-TAX-GCR-ACR-Chennai-TN-600113/1418878333/
Assistant Manager - TAX - National - TAX - GCR - ACR - Chennai,"Chennai, TN, IN, 600113",https://careers.ey.com/ey/job/Chennai-Assistant-Manager-TAX-National-TAX-GCR-ACR-Chennai-TN-600113/1418878333/
Assistant Manager - TAX - National - TAX - GCR - ACR - Chennai,"Chennai, TN, IN, 600113",https://careers.ey.com/ey/job/Chennai-Assistant-Manager-TAX-National-TAX-GCR-ACR-Chennai-TN-600113/1418874133/
Assistant Manager - TAX - National - TAX - GCR - ACR - Chennai,"Chennai, TN, IN, 600113",https://careers.ey.com/ey/job/Chennai-Assistant-Manager-TAX-National-TAX-GCR-ACR-Chennai-TN-600113/1418874133/
Assistant Manager - TAX - National - TAX - GCR - ACR - Chennai,"Chennai, TN, IN, 600113",https://careers.ey.com/ey/job/Chennai-Assistant-Manager-TAX-National-TAX-GCR-ACR-Chennai-TN-600113/1418876133/
Assistant Manager - TAX - National - TAX - GCR - ACR - Chennai,"Chennai, TN, IN, 600113",https://careers.ey.com/ey/job/Chennai-Assistant-Manager-TAX-National-TAX-GCR-ACR-Chennai-TN-600113/1418876133/
Manager - TAX - AMI - TAX - GCR - Global Compliance & Reporting - Mumbai,"Mumbai, MH, IN, 400028",https://careers.ey.com/ey/job/Mumbai-Manager-TAX-AMI-TAX-GCR-Global-Compliance-&-Reporting-Mumbai-MH-400028/1243209901/
Manager - TAX - AMI - TAX - GCR - Global Compliance & Reporting - Mumbai,"Mumbai, MH, IN, 400028",https://careers.ey.com/ey/job/Mumbai-Manager-TAX-AMI-TAX-GCR-Global-Compliance-&-Reporting-Mumbai-MH-400028/1243209901/
Consultant - TAX - National - TAX - Other - TTT Consulting - Bangalore,"Bengaluru, KA, IN, 560001",https://careers.ey.com/ey/job/Bengaluru-Consultant-TAX-National-TAX-Other-TTT-Consulting-Bangalore-KA-560001/1422428833/
Consultant - TAX - National - TAX - Other - TTT Consulting - Bangalore,"Bengaluru, KA, IN, 560001",https://careers.ey.com/ey/job/Bengaluru-Consultant-TAX-National-TAX-Other-TTT-Consulting-Bangalore-KA-560001/1422428833/
Consultant - TAX - National - TAX - Other - TTT Consulting - Mumbai,"Mumbai, MH, IN, 400028",https://careers.ey.com/ey/job/Mumbai-Consultant-TAX-National-TAX-Other-TTT-Consulting-Mumbai-MH-400028/1422444733/
Consultant - TAX - National - TAX - Other - TTT Consulting - Mumbai,"Mumbai, MH, IN, 400028",https://careers.ey.com/ey/job/Mumbai-Consultant-TAX-National-TAX-Other-TTT-Consulting-Mumbai-MH-400028/1422444733/
Consultant - TAX - National - TAX - Other - TTT Consulting - Mumbai,"Mumbai, MH, IN, 400028",https://careers.ey.com/ey/job/Mumbai-Consultant-TAX-National-TAX-Other-TTT-Consulting-Mumbai-MH-400028/1422452733/
Consultant - TAX - National - TAX - Other - TTT Consulting - Mumbai,"Mumbai, MH, IN, 400028",https://careers.ey.com/ey/job/Mumbai-Consultant-TAX-National-TAX-Other-TTT-Consulting-Mumbai-MH-400028/1422452733/
Vice President - SaT - TMT - SaT - S&E - Strategy - Mumbai,"Mumbai, MH, IN, 400028",https://careers.ey.com/ey/job/Mumbai-Vice-President-SaT-TMT-SaT-S&E-Strategy-Mumbai-MH-400028/1193015901/
Vice President - SaT - TMT - SaT - S&E - Strategy - Mumbai,"Mumbai, MH, IN, 400028",https://careers.ey.com/ey/job/Mumbai-Vice-President-SaT-TMT-SaT-S&E-Strategy-Mumbai-MH-400028/1193015901/
Senior Consultant - TAX - National - TAX - ITTS - Advisory - New Delhi,"New Delhi, National Capital Territory, IN, 110037",https://careers.ey.com/ey/job/New-Delhi-Senior-Consultant-TAX-National-TAX-ITTS-Advisory-New-Delhi-Nati-110037/1237557401/
Senior Consultant - TAX - National - TAX - ITTS - Advisory - New Delhi,"New Delhi, National Capital Territory, IN, 110037",https://careers.ey.com/ey/job/New-Delhi-Senior-Consultant-TAX-National-TAX-ITTS-Advisory-New-Delhi-Nati-110037/1237557401/
Associate - Assurance - National - ASU - FAAS - Financial&AccountingAdv - Mumbai,"Mumbai, MH, IN, 400028",https://careers.ey.com/ey/job/Mumbai-Associate-Assurance-National-ASU-FAAS-Financial&AccountingAdv-Mumbai-MH-400028/1413874033/
Associate - Assurance - National - ASU - FAAS - Financial&AccountingAdv - Mumbai,"Mumbai, MH, IN, 400028",https://careers.ey.com/ey/job/Mumbai-Associate-Assurance-National-ASU-FAAS-Financial&AccountingAdv-Mumbai-MH-400028/1413874033/
Client Support Specialist-Business Consulting Risk-CHS-CNS-Risk-Process & Controls-Gurgaon,"Gurugram, HR, IN, 122003",https://careers.ey.com/ey/job/Gurugram-Client-Support-Specialist-Business-Consulting-Risk-CHS-CNS-Risk-Process-&-Controls-Gurgaon-HR-122003/1423641433/
Client Support Specialist-Business Consulting Risk-CHS-CNS-Risk-Process & Controls-Gurgaon,"Gurugram, HR, IN, 122003",https://careers.ey.com/ey/job/Gurugram-Client-Support-Specialist-Business-Consulting-Risk-CHS-CNS-Risk-Process-&-Controls-Gurgaon-HR-122003/1423641433/
Client Support Specialist-Business Consulting Risk-CHS-CNS-Risk-Process & Controls-Gurgaon,"Gurugram, HR, IN, 122003",https://careers.ey.com/ey/job/Gurugram-Client-Support-Specialist-Business-Consulting-Risk-CHS-CNS-Risk-Process-&-Controls-Gurgaon-HR-122003/1423643333/
Client Support Specialist-Business Consulting Risk-CHS-CNS-Risk-Process & Controls-Gurgaon,"Gurugram, HR, IN, 122003",https://careers.ey.com/ey/job/Gurugram-Client-Support-Specialist-Business-Consulting-Risk-CHS-CNS-Risk-Process-&-Controls-Gurgaon-HR-122003/1423643333/
Industrial Trainee - Tax - TMT - TAX - Indirect Tax - Core - Gurgaon,"Gurugram, HR, IN, 122003",https://careers.ey.com/ey/job/Gurugram-Industrial-Trainee-Tax-TMT-TAX-Indirect-Tax-Core-Gurgaon-HR-122003/1423635233/
Industrial Trainee - Tax - TMT - TAX - Indirect Tax - Core - Gurgaon,"Gurugram, HR, IN, 122003",https://careers.ey.com/ey/job/Gurugram-Industrial-Trainee-Tax-TMT-TAX-Indirect-Tax-Core-Gurgaon-HR-122003/1423635233/
Industrial Trainee - Tax - National - TAX - Indirect Tax - Core - Gurgaon,"Gurugram, HR, IN, 122003",https://careers.ey.com/ey/job/Gurugram-Industrial-Trainee-Tax-National-TAX-Indirect-Tax-Core-Gurgaon-HR-122003/1423637433/
Industrial Trainee - Tax - National - TAX - Indirect Tax - Core - Gurgaon,"Gurugram, HR, IN, 122003",https://careers.ey.com/ey/job/Gurugram-Industrial-Trainee-Tax-National-TAX-Indirect-Tax-Core-Gurgaon-HR-122003/1423637433/
Industrial Trainee - Tax - National - TAX - Indirect Tax - Core - Gurgaon,"Gurugram, HR, IN, 122003",https://careers.ey.com/ey/job/Gurugram-Industrial-Trainee-Tax-National-TAX-Indirect-Tax-Core-Gurgaon-HR-122003/1423638633/
Industrial Trainee - Tax - National - TAX - Indirect Tax - Core - Gurgaon,"Gurugram, HR, IN, 122003",https://careers.ey.com/ey/job/Gurugram-Industrial-Trainee-Tax-National-TAX-Indirect-Tax-Core-Gurgaon-HR-122003/1423638633/
