title,role,location,experience,skills,apply_id
Software Developer 3,Software Developer 3,"BENGALURU, KARNATAKA, India",,,334971
Software Developer 4,Software Developer 4,"BENGALURU, KARNATAKA, India",,,336598
Senior Application Software Engineer,Senior Application Software Engineer,India,,,340249
Principal Technical Program Manager,Principal Technical Program Manager,"BENGALURU, KARNATAKA, India",,,340709
Financial Analyst 3,Financial Analyst 3,"BENGALURU, KARNATAKA, India",,,340864
Sales Director-Tech Cloud,Sales Director-Tech Cloud,"MUMBAI, MAHARASHTRA, India",,,332826
Software Developer 3,Software Developer 3,"BENGALURU, KARNATAKA, India",,,335136
"Senior Application Software Engineer, Oracle Health","Senior Application Software Engineer, Oracle Health",India,,,337306
Temp Staff,Temp Staff,"BENGALURU, KARNATAKA, India",,,341821
"Senior Manager, Machine Learning Engineering","Senior Manager, Machine Learning Engineering","BENGALURU, KARNATAKA, India",,,341968
Senior Application Software Engineer,Senior Application Software Engineer,"BENGALURU, KARNATAKA, India",,,340953
Software Developer 3,Software Developer 3,"BENGALURU, KARNATAKA, India",,,335165
Software Developer 4,Software Developer 4,"BENGALURU, KARNATAKA, India",,,337440
Senior Financial Analyst,Senior Financial Analyst,"BENGALURU, KARNATAKA, India",,,340343
Principal Product Manager,Principal Product Manager,"BENGALURU, KARNATAKA, India",,,340888
Principal Cloud Engineer,Principal Cloud Engineer,"BENGALURU, KARNATAKA, India",,,341164
Business Proposal Rep 4,Business Proposal Rep 4,"PUNE, MAHARASHTRA, India",,,341910
Business Proposal Rep 3,Business Proposal Rep 3,"BENGALURU, KARNATAKA, India",,,341909
Senior Network Developer,Senior Network Developer,"BENGALURU, KARNATAKA, India",,,341912
"Director, Core Infrastructure Engineering","Director, Core Infrastructure Engineering","BENGALURU, KARNATAKA, India",,,341947
Sales Pipeline,Sales Pipeline,India,,,313133
"Multi-Cloud Sales Specialist , India South Region","Multi-Cloud Sales Specialist , India South Region","BENGALURU, KARNATAKA, India",,,334839
Core Infrastructure Engineer 3,Core Infrastructure Engineer 3,"BENGALURU, KARNATAKA, India",,,335126
Principal Core Infrastructure Engineer,Principal Core Infrastructure Engineer,India,,,339948
Principal Product Manager,Principal Product Manager,"HYDERABAD, TELANGANA, India",,,340054
Senior Financial Analyst (FP&A) – Global Revenue Finance,Senior Financial Analyst (FP&A) – Global Revenue Finance,"BENGALURU, KARNATAKA, India",,,340530
ODI Developer,ODI Developer,"BENGALURU, KARNATAKA, India",,,341792
Oracle Fusion Middleware Admin,Oracle Fusion Middleware Admin,"HYDERABAD, TELANGANA, India",,,341795
Oracle Fusion Middleware Admin,Oracle Fusion Middleware Admin,"BENGALURU, KARNATAKA, India",,,341796
Oracle Fusion Middleware Admin,Oracle Fusion Middleware Admin,"NOIDA, UTTAR PRADESH, India",,,341797
Temp Staff,Temp Staff,"BENGALURU, KARNATAKA, India",,,341811
Principal Network Developer,Principal Network Developer,"BENGALURU, KARNATAKA, India",,,341842
Senior Site Reliability Engineer,Senior Site Reliability Engineer,"BENGALURU, KARNATAKA, India",,,341845
Senior Systems Engineer,Senior Systems Engineer,"BENGALURU, KARNATAKA, India",,,341852
Principal Site Reliability Engineer,Principal Site Reliability Engineer,India,,,341850
Senior Site Reliability Engineer,Senior Site Reliability Engineer,"BENGALURU, KARNATAKA, India",,,341851
"Director, Core Infrastructure Engineering","Director, Core Infrastructure Engineering","BENGALURU, KARNATAKA, India",,,341868
"Director, Platform Software Engineering","Director, Platform Software Engineering","BENGALURU, KARNATAKA, India",,,340619
Lead Principal Core Infrastructure Engineer,Lead Principal Core Infrastructure Engineer,"BENGALURU, KARNATAKA, India",,,335272
"Software Developer 3, Oracle Health","Software Developer 3, Oracle Health","BENGALURU, KARNATAKA, India",,,336253
Principal Product Manager,Principal Product Manager,"HYDERABAD, TELANGANA, India",,,339906
Senior Field Support Technician,Senior Field Support Technician,"NAVI MUMBAI, MAHARASHTRA, India",,,341681
Senior Platform Software Engineer,Senior Platform Software Engineer,"BENGALURU, KARNATAKA, India",,,341694
Software Developer 3,Software Developer 3,India,,,336822
Senior Application Software Engineer,Senior Application Software Engineer,"BENGALURU, KARNATAKA, India",,,337987
Application Software Engineer 2,Application Software Engineer 2,India,,,338461
Facilities Specialist 5,Facilities Specialist 5,"PUNE, MAHARASHTRA, India",,,340718
Senior Platform Software Engineer,Senior Platform Software Engineer,India,,,341529
Senior Principal NetSuite Functional Consultant,Senior Principal NetSuite Functional Consultant,"HYDERABAD, TELANGANA, India",,,341195
Senior Platform Software Engineer (Date Engineering),Senior Platform Software Engineer (Date Engineering),India,,,337231
Senior Site Reliability Engineer,Senior Site Reliability Engineer,"HYDERABAD, TELANGANA, India",,,340838
Senior Platform Software Engineer,Senior Platform Software Engineer,"BENGALURU, KARNATAKA, India",,,341451
Senior Principal Advanced Services Engineer,Senior Principal Advanced Services Engineer,India,,,341456
Client Success Specialist III,Client Success Specialist III,"NOIDA, UTTAR PRADESH, India",,,339257
Oracle Health & Life Sciences Alliances & Channels Director,Oracle Health & Life Sciences Alliances & Channels Director,Singapore,,,329802
QA Analyst 3-ProdDev,QA Analyst 3-ProdDev,"BENGALURU, KARNATAKA, India",,,337374
Oracle Database Administrator,Oracle Database Administrator,"BENGALURU, KARNATAKA, India",,,339695
Principal Backend (Java/ Python) Software Engineer – Cloud Platform & AI,Principal Backend (Java/ Python) Software Engineer – Cloud Platform & AI,"BENGALURU, KARNATAKA, India",,,340199
Principal Platform Software Engineer,Principal Platform Software Engineer,"BENGALURU, KARNATAKA, India",,,340231
Principal Data Systems Software Engineer,Principal Data Systems Software Engineer,"BENGALURU, KARNATAKA, India",,,340285
"Cloud Data Platform Sales, Hyderabad","Cloud Data Platform Sales, Hyderabad","HYDERABAD, TELANGANA, India",,,332943
Senior Application Software Engineer,Senior Application Software Engineer,"BENGALURU, KARNATAKA, India",,,337307
Senior Advanced Services Engineer,Senior Advanced Services Engineer,India,,,339927
Principal Data Systems Software Engineer,Principal Data Systems Software Engineer,"BENGALURU, KARNATAKA, India",,,340316
Financial Analyst 4 Corp FP&A,Financial Analyst 4 Corp FP&A,"BENGALURU, KARNATAKA, India",,,340594
Senior Core Infrastructure Engineer,Senior Core Infrastructure Engineer,"BENGALURU, KARNATAKA, India",,,340733
OFD Senior Sales Specialist,OFD Senior Sales Specialist,"GURUGRAM, HARYANA, India",,,341166
Principal Core Infrastructure Engineer,Principal Core Infrastructure Engineer,"BENGALURU, KARNATAKA, India",,,341204
Principal Application Software Engineer,Principal Application Software Engineer,"BENGALURU, KARNATAKA, India",,,336259
Senior Core Infrastructure Engineer,Senior Core Infrastructure Engineer,"BENGALURU, KARNATAKA, India",,,341154
"Architect, Networking - IDC","Architect, Networking - IDC",India,,,341124
Sales Director-Tech Cloud,Sales Director-Tech Cloud,"GURUGRAM, HARYANA, India",,,340980
Cloud Solution Engineer,Cloud Solution Engineer,"GUJARAT, India",,,338867
Financial Analyst 3,Financial Analyst 3,"BENGALURU, KARNATAKA, India",,,340340
Senior Core Infrastructure Engineer,Senior Core Infrastructure Engineer,India,,,340689
Principal Application Software Engineer,Principal Application Software Engineer,"BENGALURU, KARNATAKA, India",,,340956
Senior Application Software Engineer,Senior Application Software Engineer,India,,,340961
Core infrastructure engineer 2,Core infrastructure engineer 2,"BENGALURU, KARNATAKA, India",,,340977
Principal Data Systems Software Engineer,Principal Data Systems Software Engineer,"BENGALURU, KARNATAKA, India",,,340979
Senior Application Software Engineer,Senior Application Software Engineer,"BENGALURU, KARNATAKA, India",,,336252
Senior Advanced Services Engineer,Senior Advanced Services Engineer,India,,,339928
"Lead Principal Advanced Services Engineer- (Middleware,OIC)","Lead Principal Advanced Services Engineer- (Middleware,OIC)","BENGALURU, KARNATAKA, India",,,340324
AI Architect,AI Architect,"BENGALURU, KARNATAKA, India",,,340901
AI Architect,AI Architect,"BENGALURU, KARNATAKA, India",,,340905
AI Architect,AI Architect,"BENGALURU, KARNATAKA, India",,,340907
AI Architect,AI Architect,"BENGALURU, KARNATAKA, India",,,340904
AI Architect,AI Architect,"BENGALURU, KARNATAKA, India",,,340906
Oracle Fusion ERP Finance Expert,Oracle Fusion ERP Finance Expert,"BENGALURU, KARNATAKA, India",,,340920
Principal Data Systems Software Engineer,Principal Data Systems Software Engineer,"BENGALURU, KARNATAKA, India",,,340485
Principal Oracle Health Millennium Support & Migration Engineer,Principal Oracle Health Millennium Support & Migration Engineer,India,,,337487
Principal Oracle Health Implementation Engagement / Project Manager,Principal Oracle Health Implementation Engagement / Project Manager,India,,,337484
Principal Advanced Services Engineer,Principal Advanced Services Engineer,India,,,337490
Principal Oracle Health Integration Architect,Principal Oracle Health Integration Architect,India,,,337492
Principal Oracle Health Data Migration Architect,Principal Oracle Health Data Migration Architect,India,,,337497
Principal Oracle Health Data Migration Architect,Principal Oracle Health Data Migration Architect,India,,,337495
Principal Oracle Health Millennium Support & Migration Engineer,Principal Oracle Health Millennium Support & Migration Engineer,India,,,337494
Principal Oracle Health Systems Engineer – HIE,Principal Oracle Health Systems Engineer – HIE,India,,,337503
Senior Data Systems Software Engineer,Senior Data Systems Software Engineer,"BENGALURU, KARNATAKA, India",,,337648
Principal Platform Software Engineer,Principal Platform Software Engineer,"BENGALURU, KARNATAKA, India",,,339945
Oracle ERP Fusion PPM implementation Consultant,Oracle ERP Fusion PPM implementation Consultant,India,,,340315
Core Infrastructure Engineer 2,Core Infrastructure Engineer 2,"BENGALURU, KARNATAKA, India",,,340729
Senior Platform Software Engineer,Senior Platform Software Engineer,"BENGALURU, KARNATAKA, India",,,340737
Oracle Database Administrator,Oracle Database Administrator,"HYDERABAD, TELANGANA, India",,,340744
Oracle Fusion ERP Functional Consultant-Finance,Oracle Fusion ERP Functional Consultant-Finance,"PUNE, MAHARASHTRA, India",,,340764
Principal Platform Software Engineer,Principal Platform Software Engineer,"BENGALURU, KARNATAKA, India",,,340785
Senior Financial Analyst,Senior Financial Analyst,"BENGALURU, KARNATAKA, India",,,340561
EPM Consultant (ARCS)-Contractor role,EPM Consultant (ARCS)-Contractor role,India,,,340186
EPM Consultant (PBCS/EPBCS) - on Contract only - 3rd party payrolls,EPM Consultant (PBCS/EPBCS) - on Contract only - 3rd party payrolls,India,,,340188
Financial Analyst 3,Financial Analyst 3,"BENGALURU, KARNATAKA, India",,,340569
Principal Financial Systems Analyst,Principal Financial Systems Analyst,"BENGALURU, KARNATAKA, India",,,340618
Software Development Snr Manager,Software Development Snr Manager,"BENGALURU, KARNATAKA, India",,,335077
"Software Developer 3, Oracle Health","Software Developer 3, Oracle Health",India,,,336800
"Senior Manager, Application Software Engineering","Senior Manager, Application Software Engineering","BENGALURU, KARNATAKA, India",,,337888
Senior Core Infrastructure Engineer,Senior Core Infrastructure Engineer,India,,,339795
EPM Consultant (ARCS),EPM Consultant (ARCS),India,,,340178
EPM Consultant (FCCS) Contractor Role,EPM Consultant (FCCS) Contractor Role,India,,,340180
EPM Consultant (PBCS),EPM Consultant (PBCS),India,,,340185
Senior Principal Forward Deployed Engineer,Senior Principal Forward Deployed Engineer,"HYDERABAD, TELANGANA, India",,,340293
Oracle SOA Developer,Oracle SOA Developer,"DELHI, India",,,340296
Multi-Cloud Solutions Architect,Multi-Cloud Solutions Architect,"CHENNAI, TAMIL NADU, India",,,340301
Oracle ERP Fusion Finance implementation Consultant,Oracle ERP Fusion Finance implementation Consultant,India,,,340307
Oracle ERP Fusion Finance implementation Consultant,Oracle ERP Fusion Finance implementation Consultant,India,,,340310
Oracle ERP Fusion Finance implementation Consultant,Oracle ERP Fusion Finance implementation Consultant,India,,,340312
Oracle ERP Fusion Finance implementation Consultant,Oracle ERP Fusion Finance implementation Consultant,India,,,340311
Oracle ERP Fusion PPM implementation Consultant,Oracle ERP Fusion PPM implementation Consultant,India,,,340313
Senior Principal Forward Deployed Engineer,Senior Principal Forward Deployed Engineer,"HYDERABAD, TELANGANA, India",,,340319
Senior Principal Forward Deployed Engineer,Senior Principal Forward Deployed Engineer,"MUMBAI, MAHARASHTRA, India",,,340320
HCM Cloud Functional (Contractor Role),HCM Cloud Functional (Contractor Role),"BENGALURU, KARNATAKA, India",,,340328
HCM Cloud Functional (Contractor Role),HCM Cloud Functional (Contractor Role),"BENGALURU, KARNATAKA, India",,,340330
HCM Cloud Functional (Contractor Role),HCM Cloud Functional (Contractor Role),"BENGALURU, KARNATAKA, India",,,340332
HCM Cloud Functional (Contractor Role),HCM Cloud Functional (Contractor Role),"BENGALURU, KARNATAKA, India",,,340333
HCM Cloud Functional (Contractor role),HCM Cloud Functional (Contractor role),"BENGALURU, KARNATAKA, India",,,340334
Senior Financial Analyst,Senior Financial Analyst,"BENGALURU, KARNATAKA, India",,,340338
Principal Technical Account Manager,Principal Technical Account Manager,"BENGALURU, KARNATAKA, India",,,340433
Oracle Fusion ERP Functional Consultant-Finance,Oracle Fusion ERP Functional Consultant-Finance,"BENGALURU, KARNATAKA, India",,,340287
Oracle Fusion Functional Lead – Projects & Financials,Oracle Fusion Functional Lead – Projects & Financials,"BENGALURU, KARNATAKA, India",,,340289
Oracle Fusion ERP Lease Accounting Functional Consultant,Oracle Fusion ERP Lease Accounting Functional Consultant,"BENGALURU, KARNATAKA, India",,,340288
Principal Core Infrastructure Engineer,Principal Core Infrastructure Engineer,"HYDERABAD, TELANGANA, India",,,335139
Cloud Data Platform Sales Representative,Cloud Data Platform Sales Representative,India,,,335713
Senior Cloud Operations Engineer,Senior Cloud Operations Engineer,India,,,336125
Senior Optical DC Engineer,Senior Optical DC Engineer,"BENGALURU, KARNATAKA, India",,,336147
Software Developer 3,Software Developer 3,"BENGALURU, KARNATAKA, India",,,336251
Principal Core Infrastructure Engineer,Principal Core Infrastructure Engineer,India,,,338097
Senior AI/ML Engineer – Generative AI,Senior AI/ML Engineer – Generative AI,India,,,339345
Senior Platform Software Engineer,Senior Platform Software Engineer,"BENGALURU, KARNATAKA, India",,,340227
Lead Principal Platform Software Engineer,Lead Principal Platform Software Engineer,"BENGALURU, KARNATAKA, India",,,340230
Principal Application Software Engineer,Principal Application Software Engineer,India,,,340251
Principal Application Software Engineer,Principal Application Software Engineer,"BENGALURU, KARNATAKA, India",,,340263
Software Developer 4,Software Developer 4,"BENGALURU, KARNATAKA, India",,,334136
Software Developer 3,Software Developer 3,India,,,336823
"Senior Specialist, Oracle Giving & CSR, India","Senior Specialist, Oracle Giving & CSR, India","BENGALURU, KARNATAKA, India",,,336950
"Senior Manager, Systems Engineering","Senior Manager, Systems Engineering","BENGALURU, KARNATAKA, India",,,338626
"Director, Platform Software Engineering","Director, Platform Software Engineering","BENGALURU, KARNATAKA, India",,,339508
Principal Data Systems Software Engineer,Principal Data Systems Software Engineer,"BENGALURU, KARNATAKA, India",,,339980
Principal Data Systems Software Engineer,Principal Data Systems Software Engineer,"HYDERABAD, TELANGANA, India",,,340029
Principal Data Systems Software Engineer,Principal Data Systems Software Engineer,"BENGALURU, KARNATAKA, India",,,340044
Senior Application Software Engineer,Senior Application Software Engineer,"BENGALURU, KARNATAKA, India",,,337861
Senior Advanced Services Engineer,Senior Advanced Services Engineer,"BENGALURU, KARNATAKA, India",,,339929
Senior Principal NetSuite Functional Consultant,Senior Principal NetSuite Functional Consultant,"HYDERABAD, TELANGANA, India",,,339821
Network Developer 3,Network Developer 3,"BENGALURU, KARNATAKA, India",,,334651
"Software Developer 3, Oracle Health","Software Developer 3, Oracle Health",India,,,336804
"Senior Manager, Core Infrastructure Engineering","Senior Manager, Core Infrastructure Engineering",India,,,339721
Senior Principal NetSuite Functional Consultant,Senior Principal NetSuite Functional Consultant,"HYDERABAD, TELANGANA, India",,,337723
Software Developer 4,Software Developer 4,India,,,336832
Software Developer 3,Software Developer 3,India,,,336857
Oracle Fusion ERP Lease Accounting Functional Consultant,Oracle Fusion ERP Lease Accounting Functional Consultant,"HYDERABAD, TELANGANA, India",,,339696
Principal Platform Software Engineer,Principal Platform Software Engineer,"BENGALURU, KARNATAKA, India",,,339600
Senior Platform Software Engineer,Senior Platform Software Engineer,"BENGALURU, KARNATAKA, India",,,339602
Senior Site Reliability Engineer,Senior Site Reliability Engineer,"BENGALURU, KARNATAKA, India",,,338806
Commercial Manager,Commercial Manager,"MUMBAI, MAHARASHTRA, India",,,339240
Oracle Linux & Virtualization Sales Specialist,Oracle Linux & Virtualization Sales Specialist,"NOIDA, UTTAR PRADESH, India",,,339471
Principal Platform Software Engineer,Principal Platform Software Engineer,"BENGALURU, KARNATAKA, India",,,339572
Software Development Manager,Software Development Manager,India,,,335105
Software Development Snr Manager,Software Development Snr Manager,"BENGALURU, KARNATAKA, India",,,335784
Oracle Fusion ERP Lease Accounting Functional Consultant,Oracle Fusion ERP Lease Accounting Functional Consultant,"BENGALURU, KARNATAKA, India",,,337067
Applied Scientist 3,Applied Scientist 3,"BENGALURU, KARNATAKA, India",,,336546
Senior Sales Manager,Senior Sales Manager,"MUMBAI, MAHARASHTRA, India",,,338794
Advanced Services Engineer 2,Advanced Services Engineer 2,"BENGALURU, KARNATAKA, India",,,339182
Applications Sales Representative IV,Applications Sales Representative IV,"MUMBAI, MAHARASHTRA, India",,,339007
Network Developer 3,Network Developer 3,"BENGALURU, KARNATAKA, India",,,328076
Senior Member of Technical Staff,Senior Member of Technical Staff,"BENGALURU, KARNATAKA, India",,,335682
Integration Architect,Integration Architect,"BENGALURU, KARNATAKA, India",,,338869
System Architect,System Architect,"BENGALURU, KARNATAKA, India",,,338870
Technical Oracle Health (Millennium) Project Manager,Technical Oracle Health (Millennium) Project Manager,"BENGALURU, KARNATAKA, India",,,338863
Principal OCI Cloud Automation & Orchestration Engineer (DevOps),Principal OCI Cloud Automation & Orchestration Engineer (DevOps),"BENGALURU, KARNATAKA, India",,,338792
Software Developer 4 (Fullstack),Software Developer 4 (Fullstack),"BENGALURU, KARNATAKA, India",,,335817
Cloud Data Platform Sales - Oil & Gas- Public Sector,Cloud Data Platform Sales - Oil & Gas- Public Sector,"MUMBAI, MAHARASHTRA, India",,,332942
Software Development Snr Manager,Software Development Snr Manager,India,,,336414
Senior Platform Software Engineer,Senior Platform Software Engineer,"BENGALURU, KARNATAKA, India",,,338025
Principal Application Software Engineer,Principal Application Software Engineer,"BENGALURU, KARNATAKA, India",,,338650
Oracle Health Millennium Support & Migration Engineer,Oracle Health Millennium Support & Migration Engineer,"BENGALURU, KARNATAKA, India",,,338654
Oracle Health Millennium Support & Migration Engineer,Oracle Health Millennium Support & Migration Engineer,"BENGALURU, KARNATAKA, India",,,338657
"Senior Manager, Core Infrastructure Engineering","Senior Manager, Core Infrastructure Engineering","BENGALURU, KARNATAKA, India",,,338491
Principal Core Infrastructure Engineer,Principal Core Infrastructure Engineer,"BENGALURU, KARNATAKA, India",,,338537
Senior Core Infrastructure Engineer,Senior Core Infrastructure Engineer,"BENGALURU, KARNATAKA, India",,,338541
Program Manager 4-ProdDev,Program Manager 4-ProdDev,"BENGALURU, KARNATAKA, India",,,335458
Principal Data Engineer,Principal Data Engineer,"BENGALURU, KARNATAKA, India",,,334930
Core Infrastructure Engineer 3,Core Infrastructure Engineer 3,"BENGALURU, KARNATAKA, India",,,338129
Data Systems Software Engineer 2,Data Systems Software Engineer 2,"BENGALURU, KARNATAKA, India",,,338133
Advanced Services Engineer 2,Advanced Services Engineer 2,"BENGALURU, KARNATAKA, India",,,338136
Product Manager/Strategy 3-ProdDev,Product Manager/Strategy 3-ProdDev,India,,,336693
Principal Application Software Engineer,Principal Application Software Engineer,"BENGALURU, KARNATAKA, India",,,337884
Principal Application Software Engineer,Principal Application Software Engineer,"BENGALURU, KARNATAKA, India",,,337954
Lead Principal Application Software Engineer,Lead Principal Application Software Engineer,"BENGALURU, KARNATAKA, India",,,337959
"Software Developer 3, Oracle Health","Software Developer 3, Oracle Health","BENGALURU, KARNATAKA, India",,,336283
Software Developer 3,Software Developer 3,"BENGALURU, KARNATAKA, India",,,336522
Software Developer 4 (Data Engineering with Java/Python),Software Developer 4 (Data Engineering with Java/Python),India,,,336273
"Senior Platform Software Engineer, Oracle Health","Senior Platform Software Engineer, Oracle Health",India,,,337424
Software Development Snr Manager,Software Development Snr Manager,"BENGALURU, KARNATAKA, India",,,337474
Software Developer 3,Software Developer 3,"BENGALURU, KARNATAKA, India",,,337477
Software Development Director,Software Development Director,"BENGALURU, KARNATAKA, India",,,337589
Software Developer 5,Software Developer 5,"BENGALURU, KARNATAKA, India",,,334517
Software Developer 3 - Golang,Software Developer 3 - Golang,India,,,336143
Oracle Fusion ERP Functional Consultant-Finance,Oracle Fusion ERP Functional Consultant-Finance,"BENGALURU, KARNATAKA, India",,,336949
Oracle Fusion Functional Lead – Projects & Financials,Oracle Fusion Functional Lead – Projects & Financials,"BENGALURU, KARNATAKA, India",,,337053
Fusion ERP Reporting & Analytics Technical Consultant,Fusion ERP Reporting & Analytics Technical Consultant,"BENGALURU, KARNATAKA, India",,,337066
Senior Platform Software Engineer,Senior Platform Software Engineer,India,,,337411
"Senior Platform Software Engineer, Oracle Health","Senior Platform Software Engineer, Oracle Health",India,,,337430
Credit & Collections Analyst 2-Fin,Credit & Collections Analyst 2-Fin,"BENGALURU, KARNATAKA, India",,,330865
Senior Platform Software Engineer,Senior Platform Software Engineer,India,,,337230
"Senior Platform Software Engineer, Oracle Health","Senior Platform Software Engineer, Oracle Health",India,,,337232
Senior Platform Software Engineer,Senior Platform Software Engineer,India,,,337237
Senior Platform Software Engineer,Senior Platform Software Engineer,India,,,337236
Senior Platform Software Engineer,Senior Platform Software Engineer,India,,,337238
"Senior Platform Software Engineer, Oracle Health","Senior Platform Software Engineer, Oracle Health",India,,,337242
"Senior Platform Software Engineer, Oracle Health","Senior Platform Software Engineer, Oracle Health",India,,,337247
Senior Platform Software Engineer,Senior Platform Software Engineer,India,,,337253
Senior Full Stack Developer,Senior Full Stack Developer,Mexico,,,337119
Software Development Snr Manager,Software Development Snr Manager,"BENGALURU, KARNATAKA, India",,,335179
Principal Core Infrastructure Engineer,Principal Core Infrastructure Engineer,"HYDERABAD, TELANGANA, India",,,336980
"Software Architect, OCI Networking","Software Architect, OCI Networking","BENGALURU, KARNATAKA, India",,,335835
"Architect, Networking - IDC","Architect, Networking - IDC",India,,,327846
Principal Database Performance Engineer,Principal Database Performance Engineer,"NOIDA, UTTAR PRADESH, India",,,335238
Software Developer 4,Software Developer 4,"BENGALURU, KARNATAKA, India",,,334978
Software Developer 4,Software Developer 4,"BENGALURU, KARNATAKA, India",,,334977
Software Developer 4,Software Developer 4,"BENGALURU, KARNATAKA, India",,,334975
Software Developer 4,Software Developer 4,"BENGALURU, KARNATAKA, India",,,334976
