job_id,title,location,team,experience,employment_type,craft,url
2026-144904,Manager Data Engineering,"Gurgaon, Haryana, India",Technology and Engineering,Senior Level,Full-time,Data Engineering,https://careers.publicissapient.com/job-details/2026-144904-manager-data-engineering-gurgaon
2026-144911,Senior Associate Data Engineering L2,"Gurgaon, Haryana, India",Technology and Engineering,Associate Level,Full-time,Data Engineering,https://careers.publicissapient.com/job-details/2026-144911-senior-associate-data-engineering-l2-gurgaon
2026-144915,Senior Associate Data Science L2,"Bengaluru, Karnataka, India",Technology and Engineering,Associate Level,Full-time,Data Science & AI,https://careers.publicissapient.com/job-details/2026-144915-senior-associate-data-science-l2-bengaluru
2026-144917,Manager Data Science,"Gurgaon, Haryana, India",Technology and Engineering,Senior Level,Full-time,Data Science & AI,https://careers.publicissapient.com/job-details/2026-144917-manager-data-science-gurgaon
2026-144968,Manager Technology | Python,"Noida, Uttar Pradesh, India",Technology and Engineering,Senior Level,Full-time,General Tech,https://careers.publicissapient.com/job-details/2026-144968-manager-technology---python-noida
2026-145046,Senior Systems Engineer,"Bengaluru, Karnataka, India",Technology and Engineering,Associate Level,Full-time,Sustain Engineering,https://careers.publicissapient.com/job-details/2026-145046-senior-systems-engineer-bengaluru
2026-145047,Systems Analyst,"Hyderabad, Telangana, India",Technology and Engineering,Associate Level,Full-time,Sustain Engineering,https://careers.publicissapient.com/job-details/2026-145047-systems-analyst-hyderabad
2026-145060,Senior Product Manager,"Gurgaon, Haryana, India",Product and Agile Management,Senior Level,Full-time,Product Management,https://careers.publicissapient.com/job-details/2026-145060-senior-product-manager-gurgaon
2026-150989,Senior Manager Technology | Python,"Bengaluru, Karnataka, India",Technology and Engineering,Senior Level,Others,General Tech,https://careers.publicissapient.com/job-details/2026-150989-senior-manager-technology---python-bengaluru
2026-153183,Senior Associate Staffing,"Mumbai, Maharashtra, India",Corporate Opportunities,Associate Level,Others,PS Intl Staffing,https://careers.publicissapient.com/job-details/2026-153183-senior-associate-staffing-mumbai
2026-153217,Senior Associate Finance,"Gurgaon, Haryana, India",Corporate Opportunities,Associate Level,Full-time,Accounting - India,https://careers.publicissapient.com/job-details/2026-153217-senior-associate-finance-gurgaon
2026-153612,Manager Fulfillment,"Gurgaon, Haryana, India",Corporate Opportunities,Senior Level,Others,none,https://careers.publicissapient.com/job-details/2026-153612-manager-fulfillment-gurgaon
2026-155555,PS|Senior Associate Finance|GRO,"Gurgaon, Haryana, India",Corporate Opportunities,Associate Level,Full-time,GRO Management,https://careers.publicissapient.com/job-details/2026-155555-ps-senior-associate-finance-gro-gurgaon
2026-155556,PS|Manager Finance|GRO India,"Gurgaon, Haryana, India",Corporate Opportunities,Senior Level,Others,GRO India,https://careers.publicissapient.com/job-details/2026-155556-ps-manager-finance-gro-india-gurgaon
2026-166102,Senior Associate Technology L1_Python,"Gurgaon, Haryana, India",Technology and Engineering,Associate Level,Full-time,General Tech,https://careers.publicissapient.com/job-details/2026-166102-senior-associate-technology-l1-python-gurgaon
2026-166103,Senior Associate Technology L2_Python,"Gurgaon, Haryana, India",Technology and Engineering,Associate Level,Full-time,General Tech,https://careers.publicissapient.com/job-details/2026-166103-senior-associate-technology-l2-python-gurgaon
2026-168505,Senior Associate Compensation & Benefits,"Gurgaon, Haryana, India",Corporate Opportunities,Associate Level,Others,Compensation and Benefits,https://careers.publicissapient.com/job-details/2026-168505-senior-associate-compensation---benefits-gurgaon
2026-168559,Director Compensation & Benefits - EMEA,"Gurgaon, Haryana, India",Corporate Opportunities,Director,Others,Compensation and Benefits,https://careers.publicissapient.com/job-details/2026-168559-director-compensation---benefits---emea-gurgaon
2026-153612,Manager Fulfillment,"Bengaluru, Karnataka, India",Corporate Opportunities,Senior Level,Others,none,https://careers.publicissapient.com/job-details/2026-153612-1050575-manager-fulfillment-bengaluru
2026-144904,Manager Data Engineering,"Bengaluru, Karnataka, India",Technology and Engineering,Senior Level,Full-time,Data Engineering,https://careers.publicissapient.com/job-details/2026-144904-1064156-manager-data-engineering-bengaluru
2026-144904,Manager Data Engineering,"Noida, Uttar Pradesh, India",Technology and Engineering,Senior Level,Full-time,Data Engineering,https://careers.publicissapient.com/job-details/2026-144904-1064157-manager-data-engineering-noida
2026-144917,Manager Data Science,"Bengaluru, Karnataka, India",Technology and Engineering,Senior Level,Full-time,Data Science & AI,https://careers.publicissapient.com/job-details/2026-144917-1056685-manager-data-science-bengaluru
2026-144917,Manager Data Science,"Noida, Uttar Pradesh, India",Technology and Engineering,Senior Level,Full-time,Data Science & AI,https://careers.publicissapient.com/job-details/2026-144917-1056686-manager-data-science-noida
2026-144915,Senior Associate Data Science L2,"Gurgaon, Haryana, India",Technology and Engineering,Associate Level,Full-time,Data Science & AI,https://careers.publicissapient.com/job-details/2026-144915-1056678-senior-associate-data-science-l2-gurgaon
2026-144915,Senior Associate Data Science L2,"Noida, Uttar Pradesh, India",Technology and Engineering,Associate Level,Full-time,Data Science & AI,https://careers.publicissapient.com/job-details/2026-144915-1056679-senior-associate-data-science-l2-noida
2026-145060,Senior Product Manager,"Bengaluru, Karnataka, India",Product and Agile Management,Senior Level,Full-time,Product Management,https://careers.publicissapient.com/job-details/2026-145060-1018044-senior-product-manager-bengaluru
2026-145060,Senior Product Manager,"Pune, Maharashtra, India",Product and Agile Management,Senior Level,Full-time,Product Management,https://careers.publicissapient.com/job-details/2026-145060-1018045-senior-product-manager-pune
2026-145060,Senior Product Manager,"Hyderabad, Telangana, India",Product and Agile Management,Senior Level,Full-time,Product Management,https://careers.publicissapient.com/job-details/2026-145060-1018046-senior-product-manager-hyderabad
2026-145060,Senior Product Manager,"Kolkata, India",Product and Agile Management,Senior Level,Full-time,Product Management,https://careers.publicissapient.com/job-details/2026-145060-1018047-senior-product-manager-kolkata
2026-145060,Senior Product Manager,"Chennai, Tamil Nadu, India",Product and Agile Management,Senior Level,Full-time,Product Management,https://careers.publicissapient.com/job-details/2026-145060-1018048-senior-product-manager-chennai
2026-166103,Senior Associate Technology L2_Python,"Bengaluru, Karnataka, India",Technology and Engineering,Associate Level,Full-time,General Tech,https://careers.publicissapient.com/job-details/2026-166103-1080993-senior-associate-technology-l2-python-bengaluru
2026-166103,Senior Associate Technology L2_Python,"Noida, Uttar Pradesh, India",Technology and Engineering,Associate Level,Full-time,General Tech,https://careers.publicissapient.com/job-details/2026-166103-1080994-senior-associate-technology-l2-python-noida
2026-166103,Senior Associate Technology L2_Python,"Pune, Maharashtra, India",Technology and Engineering,Associate Level,Full-time,General Tech,https://careers.publicissapient.com/job-details/2026-166103-1080995-senior-associate-technology-l2-python-pune
2026-166103,Senior Associate Technology L2_Python,"Hyderabad, Telangana, India",Technology and Engineering,Associate Level,Full-time,General Tech,https://careers.publicissapient.com/job-details/2026-166103-1080996-senior-associate-technology-l2-python-hyderabad
2026-144911,Senior Associate Data Engineering L2,"Noida, Uttar Pradesh, India",Technology and Engineering,Associate Level,Full-time,Data Engineering,https://careers.publicissapient.com/job-details/2026-144911-1083051-senior-associate-data-engineering-l2-noida
2026-144911,Senior Associate Data Engineering L2,"Bengaluru, Karnataka, India",Technology and Engineering,Associate Level,Full-time,Data Engineering,https://careers.publicissapient.com/job-details/2026-144911-1083052-senior-associate-data-engineering-l2-bengaluru
2026-144968,Manager Technology | Python,"Gurgaon, Haryana, India",Technology and Engineering,Senior Level,Full-time,General Tech,https://careers.publicissapient.com/job-details/2026-144968-1056957-manager-technology---python-gurgaon
2026-144968,Manager Technology | Python,"Bengaluru, Karnataka, India",Technology and Engineering,Senior Level,Full-time,General Tech,https://careers.publicissapient.com/job-details/2026-144968-1056958-manager-technology---python-bengaluru
2026-144968,Manager Technology | Python,"Pune, Maharashtra, India",Technology and Engineering,Senior Level,Full-time,General Tech,https://careers.publicissapient.com/job-details/2026-144968-1056959-manager-technology---python-pune
2026-144968,Manager Technology | Python,"Hyderabad, Telangana, India",Technology and Engineering,Senior Level,Full-time,General Tech,https://careers.publicissapient.com/job-details/2026-144968-1056960-manager-technology---python-hyderabad
2026-150989,Senior Manager Technology | Python,"Gurgaon, Haryana, India",Technology and Engineering,Senior Level,Others,General Tech,https://careers.publicissapient.com/job-details/2026-150989-1056961-senior-manager-technology---python-gurgaon
2026-150989,Senior Manager Technology | Python,"Hyderabad, Telangana, India",Technology and Engineering,Senior Level,Others,General Tech,https://careers.publicissapient.com/job-details/2026-150989-1056962-senior-manager-technology---python-hyderabad
2026-150989,Senior Manager Technology | Python,"Pune, Maharashtra, India",Technology and Engineering,Senior Level,Others,General Tech,https://careers.publicissapient.com/job-details/2026-150989-1056963-senior-manager-technology---python-pune
2026-150989,Senior Manager Technology | Python,"Noida, Uttar Pradesh, India",Technology and Engineering,Senior Level,Others,General Tech,https://careers.publicissapient.com/job-details/2026-150989-1056964-senior-manager-technology---python-noida
2026-166102,Senior Associate Technology L1_Python,"Bengaluru, Karnataka, India",Technology and Engineering,Associate Level,Full-time,General Tech,https://careers.publicissapient.com/job-details/2026-166102-1081025-senior-associate-technology-l1-python-bengaluru
2026-166102,Senior Associate Technology L1_Python,"Pune, Maharashtra, India",Technology and Engineering,Associate Level,Full-time,General Tech,https://careers.publicissapient.com/job-details/2026-166102-1081026-senior-associate-technology-l1-python-pune
2026-166102,Senior Associate Technology L1_Python,"Hyderabad, Telangana, India",Technology and Engineering,Associate Level,Full-time,General Tech,https://careers.publicissapient.com/job-details/2026-166102-1081027-senior-associate-technology-l1-python-hyderabad
2026-166102,Senior Associate Technology L1_Python,"Noida, Uttar Pradesh, India",Technology and Engineering,Associate Level,Full-time,General Tech,https://careers.publicissapient.com/job-details/2026-166102-1081028-senior-associate-technology-l1-python-noida
