title,company,location,salary,description,skills,posted_date,url
Software Engineer (Backend-Java),Retailcloud,Kozhikode ,,Job Summary We are looking for a motivated Java Engineer with 2-3 years of experience ...,"copilot, github, debug, messaging systems, ai, backend development, code quality, core java",1 day ago,https://www.naukri.com/job-listings-software-engineer-backend-java-retailcloud-kozhikode-2-to-7-years-060826503107
Java Developer,Airtel,Pune ,,Job Description: Java DeveloperWe are looking for a Java/J2EE Developer with hands-on ...,"Java, Data Structures, Rest API Development, Rest, Algorithms, Design Development, Problem Solving, Spring Boot",1 day ago,https://www.naukri.com/job-listings-java-developer-airtel-pune-2-to-3-years-060826015740
Fullstack Developer,Anaplan,Gurugram ,,Write tests at every level of the testing pyramid to ensure the quality of your work is...,"Java, Fullstack Development, React.js, Full Stack, Development",1 day ago,https://www.naukri.com/job-listings-fullstack-developer-anaplan-gurugram-2-to-5-years-060826035387
Trainee Test Engineer,Qualitykiosk Technologies,Gurugram ,,Candidate should have completed or pursuing certification in manual testing. Education ...,"test scenarios, manual testing, test cases, sla, test execution, test data, automation, java",1 day ago,https://www.naukri.com/job-listings-trainee-test-engineer-qualitykiosk-gurugram-2-to-7-years-060826501690
Java/ Spring boot Developer,Workiy Technologies,Remote ,,"The candidate should have strong experience in Java, Spring Boot, and database developm...","spring boot, Maven, Backend, GIT, Oracle SQL, Agile scrum, Postgresql, MySQL",1 day ago,https://www.naukri.com/job-listings-java-spring-boot-developer-workiy-inc-remote-1-to-5-years-060826502856
Developer,360 Degree Cloud Technologies,Noida ,,Experience with database management systems and querying languages like SQL.,"emerging technologies, python, software development, version control, agile development, programming languages, cloud technologies, code quality",1 day ago,https://www.naukri.com/job-listings-developer-360-degree-cloud-technologies-p-ltd-noida-1-to-5-years-060826502169
Full stack Developer,CN Solutions,Bengaluru ,,Bachelors degree in Computer Science or related fieldProficient in Software Development...,"css, software development, javascript, html, web development, frontend development, fullstack development, ui development",1 day ago,https://www.naukri.com/job-listings-full-stack-developer-cn-solutions-bengaluru-2-to-4-years-060826927311
Java Full Stack Developer (Angular)_ (2-3 years),Infosys,"Hybrid - Chennai, Hyderabad, Bengaluru ",1.25-6 Lacs PA ,"and build POCs You will create requirement specifications from the business needs, defi...","Spring Boot, Java Fullstack, Angular, Java, Stack, Boot, Spring, Development",1 day ago,https://www.naukri.com/job-listings-java-full-stack-developer-angular-2-3-years-infosys-hyderabad-chennai-bengaluru-2-to-3-years-270726002467
Java Full Stack Developer (Angular/React)(2-3 Years),Infosys,"Hybrid - Chennai, Pune, Bengaluru ",1-5 Lacs PA ,"and build POCs You will create requirement specifications from the business needs, defi...","Angularjs, Java Fullstack, Java, Spring Boot, React.js, Angular, Boot, Spring",1 day ago,https://www.naukri.com/job-listings-java-full-stack-developer-angular-react-2-3-years-infosys-pune-chennai-bengaluru-2-to-3-years-060826033871
Java Developer,Infosys,"Hybrid - Chennai, Hyderabad, Bengaluru ",,Java DeveloperExperience: 2 - 3 YearsEmployment Type: Full-TimeJob SummaryWe are seekin...,"Java, Spring Boot, Microservices, React.js, Angular, Boot, Java Development, Bootstrap",1 day ago,https://www.naukri.com/job-listings-java-developer-infosys-hyderabad-chennai-bengaluru-2-to-3-years-290726034443
Java Developer,Infosys,"Hybrid - Chennai, Hyderabad, Bengaluru ",,Java DeveloperExperience: 2 - 3 YearsEmployment Type: Full-TimeJob SummaryWe are seekin...,"Java, Spring Boot, Microservices, React.js, Angular, Boot, Java Development, Bootstrap",1 day ago,https://www.naukri.com/job-listings-java-developer-infosys-hyderabad-chennai-bengaluru-2-to-3-years-280726035422
Java Full Stack Developer,Infosys,Hybrid - Pune ,3-6 Lacs PA ,IMMEDIATE JOINERS ONLY . Required Technical Skills. Backend,"Java, React.js, Angular, Spring Boot, Stack, Boot, Bootstrap, Development",1 day ago,https://www.naukri.com/job-listings-java-full-stack-developer-infosys-pune-2-to-3-years-060826037115
Java Full Stack Developer (React js)_ (2-3 Years),Infosys,"Hybrid - Chennai, Hyderabad, Bengaluru ",,"and build POCs You will create requirement specifications from the business needs, defi...","Reacts Js, Java Fullstack, Java, Spring Boot, React.js, Stack, Boot, Development",1 day ago,https://www.naukri.com/job-listings-java-full-stack-developer-react-js-2-3-years-infosys-hyderabad-chennai-bengaluru-2-to-3-years-270726002371
Java Full Stack Developer,Infosys,"Hybrid - Chennai, Hyderabad, Bengaluru ",3-6 Lacs PA ,IMMEDIATE JOINERS ONLY . Required Technical Skills. Backend,"Java, React.js, Angular, Spring Boot, Boot, Bootstrap, Full Stack, Spring",1 day ago,https://www.naukri.com/job-listings-java-full-stack-developer-infosys-hyderabad-chennai-bengaluru-2-to-3-years-060826037106
Java Full Stack Developer,Infosys,"Hybrid - Chennai, Hyderabad, Bengaluru ",,Java Full Stack DeveloperJob SummaryWe are seeking a highly skilled Java Full Stack Dev...,"Java Spring Boot, React.js, Java, Fullstack Development, Spring Boot, Java Fullstack, Microservices, Stack",1 day ago,https://www.naukri.com/job-listings-java-full-stack-developer-infosys-hyderabad-chennai-bengaluru-2-to-5-years-280726035387
Java Full Stack Developer,Infosys,"Hybrid - Chennai, Hyderabad, Bengaluru ",,"Bachelors degree in Computer Science, Information Technology, or related disciplineExpe...","Java Spring Boot, Angular, Java, Fullstack Development, Spring Boot, Java Fullstack, Microservices, Bootstrap",1 day ago,https://www.naukri.com/job-listings-java-full-stack-developer-infosys-hyderabad-chennai-bengaluru-2-to-5-years-280726035371
QA Automation Engineer,Datazoic Machines,Chennai ,,Guide the team efficiently with the hands-on experienceSkills and Qualifications: . Pro...,"Java, Maven, Linux VM, Jenkins, TestNG, data analytics, automation testing, ai",1 day ago,https://www.naukri.com/job-listings-qa-automation-engineer-datazoic-machines-private-limited-chennai-1-to-5-years-060826927348
Java Full Stack Developer,Infosys,"Hybrid - Chennai, Hyderabad, Bengaluru ",,Required Technical Skills. Backend,"Java, Angular, Spring Boot, React.js, Stack, Boot, Bootstrap, Development",1 day ago,https://www.naukri.com/job-listings-java-full-stack-developer-infosys-hyderabad-chennai-bengaluru-2-to-4-years-060826036449
Java Developer,CGI,Hyderabad ,,Job Summary Job Title: Java Developer (Spring Boot AWS). Position: Software Engineer. E...,"Java, Maven, Hibernate, Spring Mvc, Jsp, Junit, J2Ee, Spring Boot",1 day ago,https://www.naukri.com/job-listings-java-developer-cgi-information-systems-and-management-consultants-hyderabad-1-to-6-years-060826934844
Java Full Stack Developer(Angular/React)(2-3 years),Infosys,"Hybrid - Chennai, Hyderabad, Bengaluru ",,"There is a huge requirement for Java Fullstack and these skills are mandatory (Java, Sp...","Java, Spring Boot, React.js, Angular, Angular React, Stack, Bootstrap, Boot",1 day ago,https://www.naukri.com/job-listings-java-full-stack-developer-angular-react-2-3-years-infosys-hyderabad-chennai-bengaluru-2-to-3-years-030826024220
Java Full Stack Developer(Angular/React)(2-3 years),Infosys,"Hybrid - Chennai, Hyderabad, Bengaluru ",,"and build POCs You will create requirement specifications from the business needs, defi...","Java, Spring Boot, Angularjs, Java Fullstack, React.js, Angular, Angular React, Stack",1 day ago,https://www.naukri.com/job-listings-java-full-stack-developer-angular-react-2-3-years-infosys-hyderabad-chennai-bengaluru-2-to-3-years-310726027085
Java Full Stack Developer(REACT) INF,Infosys,"Chennai, Hyderabad, Bengaluru ",,Employment Type: Full-time . Job Summary . We are seeking a skilled Java Full Stack Dev...,"Java, Spring Boot, React.js, Java Fullstack, Bootstrap, Full Stack, Spring, Stack",1 day ago,https://www.naukri.com/job-listings-java-full-stack-developer-react-inf-infosys-hyderabad-chennai-bengaluru-2-to-5-years-210726029129
Java FSD -- professional,Diverse Lynx,Bengaluru ,,Experience with Angular for front-end development is required. Excellent problem-solvin...,"full stack developer, automated testing, microservices, angular, database management, advanced java, java, api design",1 day ago,https://www.naukri.com/job-listings-java-fsd-professional-diverse-lynx-bengaluru-2-to-7-years-060826502273
Java Full Stack Developer(REACT/Angular)-INF,Infosys,"Chennai, Hyderabad, Bengaluru ",,Preferred Skills: Technology->Java->Java - ALL,"Java, Spring Boot, Angularjs, React.js, Spring, Full Stack, Stack, Angular",1 day ago,https://www.naukri.com/job-listings-java-full-stack-developer-react-angular-inf-infosys-hyderabad-chennai-bengaluru-2-to-5-years-300726029779
Mobile App Developer,RGB Webtech,Chandigarh ,,Who Can Apply for Web Design Internship . Those available for either a 6 Month or 12 Mo...,"css, sqlite, android, kotlin, android studio, react native, mobile application development, ios",1 day ago,https://www.naukri.com/job-listings-mobile-app-developer-rgb-webtech-chandigarh-1-to-3-years-060826503038
Java Springboot Developer,Infosys,Thiruvananthapuram ,,Educational RequirementsBachelor of EngineeringBachelor Of TechnologyBachelor Of Scienc...,"java, Spring Mvc, Aws Cloud, Cloud Services, Java Application Development, Spring Boot, Spring, Boot",1 day ago,https://www.naukri.com/job-listings-java-springboot-developer-infosys-limited-thiruvananthapuram-2-to-5-years-300626926259
Appian Developer,CGI,Chennai ,,"Position Description:Company Profile:Founded in 1976, CGI is among the largest indepe...","Avaloq Development, Java, Business Process Management, Css, C, Jsp, Sql Server, Html",1 day ago,https://www.naukri.com/job-listings-appian-developer-cgi-information-systems-and-management-consultants-chennai-2-to-6-years-060826934810
Java Fullstack (Angular) Developer,Infosys,Bengaluru ,,"Bachelor of Engineering, BTech, BSc, BCA, MCA, MTech, MScBasic understanding of project...","Java, Angular, Design, Digital Experience, Markup Language, Ui, Full Stack, Digital Transformation",1 day ago,https://www.naukri.com/job-listings-java-fullstack-angular-developer-infosys-bengaluru-2-to-3-years-270726032064
Java Fullstack (Angular) Developer - PUNE,Infosys,Pune ,,"Bachelor of Engineering, BTech, BSc, BCA, MCA, MTech, MScBasic understanding of project...","Java, Angular, Design, Digital Experience, Markup Language, Ui, Full Stack, Digital Transformation",1 day ago,https://www.naukri.com/job-listings-java-fullstack-angular-developer-pune-infosys-pune-2-to-3-years-270726032077
Java Developer,Infosys,Bengaluru ,,"Bachelor of Engineering, Bachelor Of CompPreferred Skills: . Technology->Java->Java - A...","java, rest, junit, web services, jsp, maven, java development, jdbc",1 day ago,https://www.naukri.com/job-listings-java-developer-infosys-limited-bengaluru-2-to-3-years-010726930203
Java Fullstack (Angular) Developer,Infosys,Chennai ,,"Bachelor of Engineering, BTech, BSc, BCA, MCA, MTech, MScBasic understanding of project...","Java, Angular, Design, Digital Experience, Markup Language, Ui, Full Stack, Digital Transformation",1 day ago,https://www.naukri.com/job-listings-java-fullstack-angular-developer-infosys-chennai-2-to-3-years-270726032066
Application Developer,Accenture,Chennai ,,. Educational Qualification : 15 years full time education . Must have skills : Spring ...,"microservices, postgresql, mysql, rest, spring boot, css, web services, jsp",1 day ago,https://www.naukri.com/job-listings-application-developer-accenture-solutions-pvt-ltd-chennai-2-to-5-years-060826930212
Java Fullstack (React) Engineer,Infosys,Bengaluru ,,Bachelor of Engineering. Service Line . Digital Experience. Minimum Qualifications: BE ...,"Java, Root Cause Analysis, Reactive Programming, Architecture, Apis, Ai, Programming, Full Stack",1 day ago,https://www.naukri.com/job-listings-java-fullstack-react-engineer-infosys-limited-bengaluru-2-to-3-years-290626928268
Java Fullstack Developer,Infosys,Pune ,,Preferred Skills: . Technology->Reactive Programming->NodeJS. Technology->Reactive Prog...,"Java, Reactive Programming, Digital Experience, Knowledge Management, Technical Analysis, Programming, Full Stack, Mainframe",1 day ago,https://www.naukri.com/job-listings-java-fullstack-developer-infosys-limited-pune-2-to-3-years-290626928657
Java Full stack Developer,Infosys,Bengaluru ,,"Bachelor of Engineering, BCA, BTech, BSc, MTech, MSc, MCA. Service Line . Digital Exper...","Full Stack Developer, Java, Digital Experience, Markup Language, Ui, Knowledge Management, Technical Analysis, Full Stack",1 day ago,https://www.naukri.com/job-listings-java-full-stack-developer-infosys-limited-bengaluru-2-to-3-years-290626928416
Java Fullstack Developer,Infosys,Bengaluru ,,Digital ExperienceExposure to Design Principles and ability to understand Design Specif...,"Java, Reactive Programming, Digital Experience, Core Java, Knowledge Management, Technical Analysis, Programming, Digital Transformation",1 day ago,https://www.naukri.com/job-listings-java-fullstack-developer-infosys-limited-bengaluru-2-to-3-years-290626928427
Java fullstack developer with ReactJS,Infosys,Bengaluru ,,Bachelor of Engineering. BTech. BSc. BCA. MTech. MCA. MScPreferred Skills: . Technology...,"Java, Reactive Programming, Digital Experience, Knowledge Management, Technical Analysis, Programming, Full Stack, Digital Transformation",1 day ago,https://www.naukri.com/job-listings-java-fullstack-developer-with-reactjs-infosys-limited-bengaluru-2-to-3-years-290626928529
Custom Software Engineer,Accenture,Bengaluru ,,Must have skills : SAP Concur Good to have skills : NAMinimum 2 year(s) of experience i...,"sap, c#, css, software development, workflow, hibernate, javascript, jquery",1 day ago,https://www.naukri.com/job-listings-custom-software-engineer-accenture-solutions-pvt-ltd-bengaluru-2-to-7-years-060826929841
Custom Software Engineer,Accenture,Bhubaneswar ,,Project Role : Custom Software EngineerProject Role Description : Develop custom softwa...,"sap, c#, css, software development, workflow, hibernate, javascript, jquery",1 day ago,https://www.naukri.com/job-listings-custom-software-engineer-accenture-solutions-pvt-ltd-bhubaneswar-2-to-7-years-060826929454
Java Developer,Infosys,Bengaluru ,,"Bachelor of Engineering, BTech, BCA, BSc, MSc, MCA, MTech. Service Line . Engineering S...","Java Developer, Java, Knowledge Management, Technical Analysis, Digital Transformation, Digital, Analysis, Java Development",1 day ago,https://www.naukri.com/job-listings-java-developer-infosys-limited-bengaluru-2-to-5-years-290626928374
Software Engineer,Morningstar,"Hybrid - Mumbai(Vashi), Navi Mumbai ",,"Bachelor s or Master s degree in Computer Science, Information Technology, or a related...","Java, Spring Boot, AWS, Python, Django, Cloud, Pandas, Ci/Cd",1 day ago,https://www.naukri.com/job-listings-software-engineer-morningstar-mumbai-navi-mumbai-2-to-5-years-060826025502
Fullstack Developer,Ecobillz,Belagavi ,,We are looking for Fullstack Developers proficient in React.js & Node.js (with Express....,"Fullstack, Java, software applications, Node.js, back-end development, front-end development, React.js, mongodb",1 day ago,https://www.naukri.com/job-listings-fullstack-developer-ecobillz-private-limited-belagavi-2-to-4-years-060826927474
Software Engr I,Sparta Systems,Hyderabad ,,Strong understanding of software development life cycles and methodologies. . Proficien...,"database management, emerging technologies, python, debug, java, software development, software engineer, agile",1 day ago,https://www.naukri.com/job-listings-software-engr-i-spartasystems-hyderabad-2-to-4-years-060826502026
QA Automation Engineer,Morningstar,Hybrid - Mumbai(Vashi) ,,Position Title: QA Automation EngineerThe Area: The Area: The Morningstar Indexes Team...,"Java, Selenium, Rest Assured, JUnit, API Testing, Testng, JIRA, Postman",1 day ago,https://www.naukri.com/job-listings-qa-automation-engineer-morningstar-mumbai-2-to-4-years-060826025610
JAVA + REACT - INF (2 - 3 YRS),Infosys,"Chennai, Hyderabad, Bengaluru ",,Preferred Skills: Technology->Java->Java - ALL,"Java, Spring Boot, React.js, Java Fullstack, Spring, Java+, Full Stack, Boot",1 day ago,https://www.naukri.com/job-listings-java-react-inf-2-3-yrs-infosys-hyderabad-chennai-bengaluru-2-to-5-years-230726035025
Sr. Full Stack Software Engineer,Metlife,Hyderabad ,,Job Summary. We are seeking a highly skilled and experienced Senior Java Developer with...,"ci/cd pipelines, copilot, github, react, java developer, microservices, database design, spring",1 day ago,https://www.naukri.com/job-listings-sr-full-stack-software-engineer-metlife-hyderabad-2-to-6-years-060826500791
Associate Full-stack Developer (LY-FS05),Lemon Yellow Llp,Thane ,,Experience with front-end frameworks like React or Angular and back-end frameworks like...,"python, version control, js, react, programming languages, ruby, angular, database management",1 day ago,https://www.naukri.com/job-listings-associate-full-stack-developer-ly-fs05-lemon-yellow-thane-1-to-4-years-060826502072
Software Developer,Focalworks,Mumbai ,,"Proficiency in one or more programming languages such as Java, Python, C++, etc. . Stro...","emerging technologies, python, software development, version control, agile development, programming languages, code quality, git",1 day ago,https://www.naukri.com/job-listings-software-developer-focalworks-mumbai-1-to-5-years-060826502107
"Sr, Developer",Ivorytusk Technologies,Surat ,3-4.2 Lacs PA ,"Hiring a Full Stack Developer with React.js, Java Spring Boot, REST APIs, PostgreSQL/My...","Senior, Coding, Ai Solutions, Java, English, Gujarati, Debugging, Development",1 day ago,https://www.naukri.com/job-listings-sr-developer-ivorytusk-technologies-surat-2-to-5-years-060826036708
Backend Developer,Xoxoday,Bengaluru ,,"Experience with frameworks like Spring Boot, Django, or Ruby on Rails. . Strong underst...","schema, python, database integration, debug, version control, backend developer, schema design, backend development",1 day ago,https://www.naukri.com/job-listings-backend-developer-xoxoday-bengaluru-2-to-4-years-060826502216
Sr. Full Stack Software Engineer,Metlife,Hyderabad ,,We are seeking a highly skilled and experienced Senior Java / Node Developer with hands...,"ci/cd pipelines, copilot, github, js, microservices, database design, spring, node",1 day ago,https://www.naukri.com/job-listings-sr-full-stack-software-engineer-metlife-hyderabad-2-to-6-years-060826503124
Computer Science Faculty,Sunstone Education,"Bhopal, Indore ",,Key ResponsibilitiesDeliver engaging classroom and practical sessions on core Computer ...,"Computer Science, Java, c++, data science, Aiml, Python, faculty, Computer",1 day ago,https://www.naukri.com/job-listings-computer-science-faculty-sunstone-education-bhopal-indore-1-to-6-years-080726037866
QA Tester - Manual & Automation,Velodynamics,Kolhapur ,,"Bachelor degree in Computer Science, IT, or related field, 3+ years of experience in so...","Manual Testing, QA Testing, Automation Testing, python, software testing, test case design, js, stlc",1 day ago,https://www.naukri.com/job-listings-qa-tester-manual-automation-velodynamics-kolhapur-2-to-4-years-060826917628
Software Engineer III – Build & CI Engineer (Bazel Mandatory),Premium,Bengaluru ,6-17 Lacs PA ,"Troubleshoot issues related to application performance, scalability, and reliability. J...","Bazel, C#, Golang, CD, Java, C++, Ci/Cd, Continuum",1 day ago,https://www.naukri.com/job-listings-software-engineer-iii-build-ci-engineer-bazel-mandatory-bengaluru-2-to-6-years-060826037197
Application Developer RPA,Brigosha Technologies,Bengaluru ,,Experience with RPA tools and technologies such as UiPath or Blue Prism. . Proficiency ...,"application developer, python, rpa, business requirements, communication and interpersonal skills, programming languages, blue prism, code quality",1 day ago,https://www.naukri.com/job-listings-application-developer-rpa-brigosha-technologies-bengaluru-2-to-5-years-060826502236
Computer Teacher,Ashok Hall Group of Schools,Kolkata ,,2-7 years of experience as a Computer Teacher or related field (freshers can apply). Ba...,"Java, C++, Computer Science, Computer Teaching, Python, Computer Skills, Computer Operating System, Computer Knowledge",1 day ago,https://www.naukri.com/job-listings-computer-teacher-ashok-hall-group-of-schools-kolkata-2-to-7-years-170626014912
Application Developer,Accenture,Hyderabad ,,Educational Qualification : 15 years full time education. Summary :As an Application De...,"sql, java, shell scripting, python, full stack, schema, c++, css",1 day ago,https://www.naukri.com/job-listings-application-developer-accenture-solutions-pvt-ltd-hyderabad-2-to-5-years-060826929375
Software Development Engineer,Accenture,Bengaluru ,,About The Role Project Role :Software Development EngineerProject Role Description :A...,"git, software development methodologies, python, software development, version control, css, c++, ATCI-5059449-S1872051",1 day ago,https://www.naukri.com/job-listings-software-development-engineer-accenture-solutions-pvt-ltd-bengaluru-1-to-4-years-060826929657
Custom Software Engineer,Accenture,Chennai ,,Project Role : Custom Software EngineerProject Role Description : Develop custom softwa...,"development, continuous integration, workflow, cucumber, automation testing, test cases, coding, automation",1 day ago,https://www.naukri.com/job-listings-custom-software-engineer-accenture-solutions-pvt-ltd-chennai-2-to-7-years-060826930275
Custom Software Engineer,Accenture,Chennai ,,Must have skills : Playwright Good to have skills : Cucumber (Software)Minimum 2 year(s...,"automation test framework, continuous integration, software development, cucumber, ci/cd, test scripts, software quality, coding",1 day ago,https://www.naukri.com/job-listings-custom-software-engineer-accenture-solutions-pvt-ltd-chennai-2-to-7-years-060826930208
JAVA+Angular -INF (2-3 YRS),Infosys,"Chennai, Pune, Bengaluru ",,Preferred Skills: Technology->UI & Markup Language->Angular JS / Angular x . Technology...,"Java, Spring Boot, Angular, Java Fullstack, Spring, Full Stack, Boot",1 day ago,https://www.naukri.com/job-listings-java-angular-inf-2-3-yrs-infosys-pune-chennai-bengaluru-2-to-3-years-270726014917
JAVA + Angular - INF (2-5 YRS),Infosys,"Chennai, Hyderabad, Bengaluru ",,Preferred Skills: Technology->UI & Markup Language->Angular JS / Angular x . Technology...,"Java, Angularjs, Spring Boot, Java Fullstack, Spring, Full Stack, Java+, Angular",1 day ago,https://www.naukri.com/job-listings-java-angular-inf-2-5-yrs-infosys-hyderabad-chennai-bengaluru-2-to-5-years-230726034978
"Engineer II, Software",Zensar,Pune ,,Contribute to technical documentation and knowledge-sharing within the team. . Bachelor...,"cursor, copilot, github, business requirements, client solutions, ai, application architecture, capital markets",1 day ago,https://www.naukri.com/job-listings-engineer-ii-software-zensar-technologies-pune-2-to-7-years-060826500514
java+reactjs (2-3)-INF,Infosys,"Chennai, Hyderabad, Bengaluru ",,Preferred Skills: Technology->Java->Java - ALL,"Java, Spring Boot, React.js, Java Fullstack, Boot, Spring, Full Stack",1 day ago,https://www.naukri.com/job-listings-java-reactjs-2-3-inf-infosys-hyderabad-chennai-bengaluru-2-to-3-years-270726031005
Engineer III Reliability (7AM 4PM IST) (Remote),Crowdstrike,Pune ,,Shift Time7AM 4PM IST. Benefits Of Working At CrowdStrike. Remote-friendly and flexible...,"distribution system, javascript, microservices, node, multithreading, kubernetes, python, c++",1 day ago,https://www.naukri.com/job-listings-engineer-iii-reliability-7am-4pm-ist-remote-crowdstrike-pune-1-to-5-years-060826927782
"Engineer III Reliability (7AM 4PM IST) (Remote, IND)",Crowdstrike,Pune ,,"As a global leader in cybersecurity, CrowdStrike protects the people, processes and tec...","distribution system, javascript, microservices, node, multithreading, kubernetes, python, c++",1 day ago,https://www.naukri.com/job-listings-engineer-iii-reliability-7am-4pm-ist-remote-ind-crowdstrike-pune-1-to-5-years-060826927784
Fundraising Officer,WWF India,New Delhi ,,Job Summary Join WWF-India as a Fundraiser and be our Conservation Ambassador Engage D...,"dedicated, python, css, biodiversity, upgrade, inbound, javascript, jquery",1 day ago,https://www.naukri.com/job-listings-fundraising-officer-wwf-india-new-delhi-0-to-2-years-060826503080
Associate Technical Services Engineer,Altruista Health,Bengaluru ,,The ideal candidate will. demonstrat. e. a proactive learning mindset and thrive in a f...,"data formats, software systems, sla, business analyst, communication and interpersonal skills, analytical skills, relational databases, healthcare",1 day ago,https://www.naukri.com/job-listings-associate-technical-services-engineer-altruista-health-bengaluru-1-to-6-years-060826501486
Phi Commerce professional,Phi Commerce,Pune ,,"Locations: Mumbai, Pune. Employment Type: Full Time. Senior Manager Direct Sales .","oracle, engineering support, autosys, production, problem management, sql, plsql, production support",1 day ago,https://www.naukri.com/job-listings-phi-commerce-professional-phi-commerce-pune-1-to-4-years-060826500524
Data Science Practitioner,Accenture,Bengaluru ,,Educational Qualification : 15 years full time education. Summary :As a Data Science Pr...,"python, scikit-learn, machine learning, tensorflow, data science, hive, data analysis, natural language processing",1 day ago,https://www.naukri.com/job-listings-data-science-practitioner-accenture-solutions-pvt-ltd-bengaluru-1-to-3-years-060826929433
Software Engineer_Fullstack_(Golang (Or) Java)_ReactJs,Lowe's,Bengaluru ,,Should support the team technically and operational way. To be highly disciplined in do...,"continuous integration, css, application engineering, cd tools, accounting, cybersecurity, docker, analytics",1 day ago,https://www.naukri.com/job-listings-software-engineer-fullstack-golang-or-java-reactjs-lowes-services-india-private-limited-bengaluru-2-to-7-years-060826501747
Java Production Support Engineer,FIS,Bengaluru ,,Java Production Support- 7 to 12 yrs -Bangalore Shift Timing -6:30 AM to 3:30 PM ES...,"Apis, Change Management, Aws Cloud, Banking, Cloudwatch, Application Support, Devops, Critical Incident Management",1 day ago,https://www.naukri.com/job-listings-java-production-support-engineer-fis-global-business-solutions-india-pvt-ltd-bengaluru-2-to-6-years-060826934895
Application Support Engineer,Accenture,Bengaluru ,,A 15 years full time education is required. . Qualification 15 years full time educatio...,"java, full stack development, version control, hibernate, javascript, database management, git, postgresql",1 day ago,https://www.naukri.com/job-listings-application-support-engineer-accenture-solutions-pvt-ltd-bengaluru-1-to-4-years-060826929651
Software Development Engineer II,Viacom18,Bengaluru ,,We own the end-to-end user journey-from first app launch to daily habit loops-across Se...,"android sdk, emerging technologies, cloud integration, jetpack compose, blogs, android, android studio, ide",1 day ago,https://www.naukri.com/job-listings-software-development-engineer-ii-viacom-18-media-private-limited-bengaluru-2-to-7-years-060826500862
.Net+React JS Developer,Infosys,Bengaluru ,,"Bachelor Of Science, Master Of Engineering, Bachelor Of CompApplications, Master of Com...","java, redux, css, ui development, bootstrap, hibernate, ajax, javascript",1 day ago,https://www.naukri.com/job-listings-net-react-js-developer-infosys-limited-bengaluru-2-to-3-years-010726930190
Automation Test Engineer,Qentelli,Hyderabad ,,"We are looking for good Experience with Selenium Java . Good Exp with TestNG, BDD Frame...","java, selenium, automation testing, TestNG, Rest Assured, Automation, Software testing, Rest",Today,https://www.naukri.com/job-listings-automation-test-engineer-qentelli-hyderabad-2-to-7-years-230526005967
Industry Subject Matter Advisor,Accenture,Hyderabad ,,Minimum . 5 year(s) of experience is required. Educational Qualification : 15 years ful...,"microsoft azure, java standard edition, azure app service, java, troubleshooting, continuous integration, kubernetes, aks",1 day ago,https://www.naukri.com/job-listings-industry-subject-matter-advisor-accenture-solutions-pvt-ltd-hyderabad-1-to-5-years-060826930168
Technical - Robotics,Inovance Technology Private Limited,"New Delhi, Ahmedabad, Bengaluru ",,Experience with robotic operating systems and simulation software.,"algorithms, python, java, control systems, operating systems, robotics, communication and interpersonal skills, analytical skills",1 day ago,https://www.naukri.com/job-listings-technical-robotics-inovance-technology-private-limited-new-delhi-ahmedabad-bengaluru-2-to-5-years-060826502052
Automation And Manual Qa Engineer,Achnet,Bengaluru ,,"Experience with RESTful, SOAP services and other similar API integration preferred. Col...","restful, api integration, web automation, test cases, selenium webdriver, javascript, qa, automation",1 day ago,https://www.naukri.com/job-listings-automation-and-manual-qa-engineer-achnet-inc-bengaluru-2-to-5-years-060826501314
GMS-Staff-SailPoint IIQ,EY,Bengaluru ,,Willingness to work in shifts as requiredThe IAM Administrator role will be primarily r...,"call support, customization, auditing, capital markets, identity and access management, identity management, java, operations",1 day ago,https://www.naukri.com/job-listings-gms-staff-sailpoint-iiq-ernst-young-bengaluru-2-to-5-years-060826501901
QA Junior,Globallogic,Bengaluru ,,"The ideal candidate will have hands-on experience in Java-based automation, with the ab...","Tracking, Ci/Cd, Microservices, System, Rest, JUnit, API Testing, Agile",1 day ago,https://www.naukri.com/job-listings-qa-junior-globallogic-bengaluru-1-to-3-years-060826017053
Application Developer Web,Rooman,Rourkela ,,"Required Skills . - HTML, CSS, JavaScript. - React / Angular / Flutter / React Native. ...","emerging technologies, application developer, css, database integration, ai, js, networking, javascript",1 day ago,https://www.naukri.com/job-listings-application-developer-web-rooman-rourkela-2-to-7-years-060826501518
Product Sales Executive- Fresher,Caliber Organisation,"Mumbai, Thane, Navi Mumbai ",,We are looking for a highly motivated and enthusiastic individual to join our team as a...,"sales, c++, operations management, c, service operations, windows xp, team management, customer service",1 day ago,https://www.naukri.com/job-listings-product-sales-executive-fresher-caliber-organisation-mumbai-thane-navi-mumbai-0-to-2-years-060826927171
Product Sales Professional - Fresher,Caliber Organisation,"Mumbai, Thane, Navi Mumbai ",,We are looking for a highly motivated and enthusiastic individual to join our team as...,"sales, operations management, c, windows xp, team management, management skills, customer service, presentation skills",1 day ago,https://www.naukri.com/job-listings-product-sales-professional-fresher-caliber-organisation-mumbai-thane-navi-mumbai-0-to-2-years-060826927135
Junior Robotics Engineer,Habilelabs,Jaipur ,,Experience with robotic operating systems and simulation software.,"algorithms, python, debug, software development, operating systems, robotics, communication and interpersonal skills, programming languages",1 day ago,https://www.naukri.com/job-listings-junior-robotics-engineer-habilelabs-private-limited-jaipur-0-to-3-years-060826502099
Front Office Associate,Marriott,Panaji ,,"Guest Experience Experts will be on their feet and moving around (stand, sit, or walk f...","checkpoint, front desk, front office management, android, receptionist activities, kotlin, guest handling, assistance",1 day ago,https://www.naukri.com/job-listings-front-office-associate-marriott-panaji-0-to-3-years-060826500296
Quantitative Developer,Emperen Technologies,Pune ,,"Quantitative Developer : A Quantitative Developer, often called a ""Quant Dev, "" i...","finance, trading, risk management, python, data analysis, data pipelines, prototyping, mathematics",1 day ago,https://www.naukri.com/job-listings-quantitative-developer-emperen-technologies-pune-1-to-4-years-060826927754
Technical Consultant - Professional Services (Financial Services),Symphonyincubator Business Services,Bengaluru ,,Experience with agile methodologies and version control systems. . A Bachelors degree i...,"Technical Consulting, Java, Financial Services, Requirement Gathering, Plsql, Application Support, Professional Services, Sql",1 day ago,https://www.naukri.com/job-listings-technical-consultant-professional-services-financial-services-symphonyincubator-business-services-private-limite-d-bengaluru-2-to-6-years-060826934640
Collections Executive - Retail MFB,Tata Capital,Madhira ,,Graduate police support where required,"github, maven, collection management, customer service, vpc, recovery, reconciliation, sales",1 day ago,https://www.naukri.com/job-listings-collections-executive-retail-mfb-tata-capital-ltd-madhira-0-to-6-years-060826502439
Linux Multimedia Engineer (R&D Team),Innominds Software,Hyderabad ,,"Location - Hyderabad. Bachelors / Master s degree in Engineering, Information Systems, ...","C, Space, Multimedia, GStreamer, RTOS, EMbedded, Java, C++",1 day ago,https://www.naukri.com/job-listings-linux-multimedia-engineer-r-d-team-innominds-software-hyderabad-2-to-5-years-060826034019
Application Engr II,Sparta Systems,Hyderabad ,,Bachelors degree in Computer Science or related field. . Strong understanding of softwa...,"database management, emerging technologies, python, java, software development, programming languages, technical documentation, code quality",1 day ago,https://www.naukri.com/job-listings-application-engr-ii-spartasystems-hyderabad-2-to-5-years-060826502028
AI Engineer,E4 Software Services,Mumbai ,,Experience with deep learning frameworks like TensorFlow or PyTorch.,"algorithms, data pipelines, natural language processing, ai solutions, ai, communication and interpersonal skills, artificial intelligence, ai engineer",1 day ago,https://www.naukri.com/job-listings-ai-engineer-e4-softwares-mumbai-1-to-3-years-060826502237
IT Global Talent Acquisition professional,Indium Global Services,"Mohali, Bengaluru ",,"Bachelors degree in HR, Business Administration, Engineering, or a related fieldExperie...","end-to-end recruitment, kubernetes, python, offer management, administration, job portals, recruiter, global talent acquisition",1 day ago,https://www.naukri.com/job-listings-it-global-talent-acquisition-professional-indium-global-services-pvt-ltd-mohali-bengaluru-1-to-6-years-060826503123
Engineer InfraEng Observability,Crowdstrike,Pune ,,Engineer Observability to help take our observability and tracing capabilities to the n...,"continuous integration, kubernetes, python, ci/cd, aws, project management, software testing, golang",1 day ago,https://www.naukri.com/job-listings-engineer-infraeng-observability-crowdstrike-pune-1-to-5-years-060826927785
Engineering Services Practitioner,Accenture,Bengaluru ,,Must have skills : Aircraft Interior Design Good to have skills : NAMinimum 2 year(s) o...,"design principles, c#, rest, c++, configuration, catia v5, aircraft, aviation",1 day ago,https://www.naukri.com/job-listings-engineering-services-practitioner-accenture-solutions-pvt-ltd-bengaluru-2-to-7-years-060826929880
App Dev & Support Engineer III,Conduent,Hyderabad ,,Relevant certifications such as MCSA (Microsoft Certified Solutions Associate) or MCSD ...,"Sql Server, Unix, Java, Power Bi, Server, Ssrs, Debugging, Application Support",1 day ago,https://www.naukri.com/job-listings-app-dev-support-engineer-iii-conduent-business-services-india-llp-hyderabad-2-to-6-years-060826930919
Frontend Developer,IBM,Pune ,,Bachelors Degree . Preferred education . Masters Degree . Required Technical and Profes...,"Frontend Developer, Design System, Programming, Devops, Angular, Cloud Platforms, Front End, Docker",1 day ago,https://www.naukri.com/job-listings-frontend-developer-ibm-india-pvt-limited-pune-2-to-5-years-060826918604
App Dev & Support Engineer III,Conduent,Hyderabad ,,"Collaborate with scrum masters, product owners, and cross-functional teams to refine us...","Servicenow, Technical Documentation, Sailpoint, Itsm, Itom, Soap, Scripting, Engineering Support",1 day ago,https://www.naukri.com/job-listings-app-dev-support-engineer-iii-conduent-business-services-india-llp-hyderabad-2-to-6-years-060826930907
Senior Automation Tester (Python Robot Framework),CGI,Bengaluru ,,Job Summary We are looking for a highly skilled Python Automation Engineer with strong ...,"Python, Java, Regression Testing, Automation, Selenium Testing, Software Testing, Database Testing, Manual Testing",1 day ago,https://www.naukri.com/job-listings-senior-automation-tester-python-robot-framework-cgi-information-systems-and-management-consultants-bengaluru-2-to-4-years-060826934826
Premium Support Engineer- Fortify,Opentext,Bengaluru ,,. Bachelors degree preferred or Associate degree holder (technical field) with previous...,"Webinspect, Cloud Deployment, Java, Coordination, Problem Solving, Fortify, Troubleshooting, Operating",1 day ago,https://www.naukri.com/job-listings-support-engineer-fortify-opentext-technologies-india-pvt-ltd-bengaluru-2-to-6-years-060826930320
Python Backend Developer AI Platform,GOLS PRIVATE LIMITED,Mumbai(Andheri East) ,3.5-6 Lacs PA ,Python Backend Developer AI PlatformExperience: 1 – 4 Years | Product Company | Enterpr...,"Develop backend services, embeddings, Azure, LangChain, or Django)., or Hugging Face, NumPy, or vector search (FAISS",1 day ago,https://www.naukri.com/job-listings-python-backend-developer-ai-platform-gols-private-limited-mumbai-1-to-4-years-060826015702
Full stack Trainer,Fortune Cloud Technologies,Pune(Shivajinagar) ,2.75-4.75 Lacs PA ,Education: Any Graduate / Post GraduateNote: Freshers graduated before 2024 with an int...,"Html5b, Mern Stack, Fullstack Development, React.js, Angularjs, CSS, Node.js, Web Development Trainer",1 day ago,https://www.naukri.com/job-listings-full-stack-trainer-fortune-cloud-technologies-pune-1-to-3-years-060826025313
Software Programmer (Assistant),Vyara Tiles,Surat ,4.25-7 Lacs PA ,Good collaboration and communication,"SQL Programming, IT Skills, VB Script, Visual Basic, Excel, .NET, VB, SQL",1 day ago,https://www.naukri.com/job-listings-software-programmer-assistant-vyara-tiles-surat-0-to-5-years-160126016552
L1 Support Linux Administrator,NeoSOFT,"Noida, Bengaluru, Mumbai (All Areas) ",,"Merchant support- data analysis, query resolution and reconciliation support, Support b...","Linux Administration, Shell Scripting, PLSQL, Production Support, SQL, Java-based applications, Production, Administration",1 day ago,https://www.naukri.com/job-listings-l1-support-linux-administrator-neosoft-noida-bengaluru-mumbai-all-areas-2-to-4-years-060826018277
Technical Specialist-Testing Services,Birlasoft,Bengaluru ,,Experience with automated testing frameworks and languages such as Java or Python. Effe...,"emerging technologies, python, git, java, software testing, version control, defect tracking, agile methodologies",1 day ago,https://www.naukri.com/job-listings-technical-specialist-testing-services-birlasoft-india-limited-bengaluru-2-to-7-years-060826502290
API Automation Test Engineer,Talent Corner HR Services,Navi Mumbai ,3-6 Lacs PA ,"Preferred candidate profile . Hands-on experience in Software Testing (QA) Strong, prac...","SOAP UI, Rest Assured, API Testing, Automation Framework, Postman, Ai Techniques, Json / Xml, API Automation",1 day ago,https://www.naukri.com/job-listings-api-automation-test-engineer-talent-corner-hr-services-navi-mumbai-1-to-3-years-060826018423
It Recruitment Executive,Aerial Telecom Solutions (ATS),Mohali ,2.75-3 Lacs PA ,Required Skills & QualificationsExperience -2+years experience in IT Recruitment. . Key...,"IT Recruitment, C2H, End to End Recruitment, Recruitment, End, End To End",1 day ago,https://www.naukri.com/job-listings-it-recruitment-executive-aerial-telecom-solutions-ats-mohali-1-to-2-years-060826019182
Desktop Support Engineer L1,Gallagher & Mohan,Remote ,2.25-4 Lacs PA ,Password reset and Multi-Factor Authentication (MFA) support Bachelors degree or diplom...,"Outlook Configuration, Desktop Engineering, Windows Installation, Desktop Support, Desktop Troubleshooting, Microsoft Windows, Desktop, Engineering",1 day ago,https://www.naukri.com/job-listings-desktop-support-engineer-l1-gallagher-mohan-delhi-ncr-2-to-5-years-060826036194
AI Software Developer,Bitkraft Technologies,Mumbai ,,"Experience with AI and ML frameworks such as TensorFlow, PyTorch, or Keras","software developer, algorithms, PyTorch, ML models, Keras, data structures, TensorFlow, Ml",1 day ago,https://www.naukri.com/job-listings-ai-software-developer-bitkraft-technologies-mumbai-1-to-4-years-060826932628
Azure Data Engineer,Brigosha Technologies,Bengaluru ,,"Experience with Azure services such as Azure Data Factory, Azure Synapse, and Azure Blo...","python, data pipelines, data processing, azure synapse, data warehousing, azure data factory, programming languages, azure data engineer",1 day ago,https://www.naukri.com/job-listings-azure-data-engineer-brigosha-technologies-bengaluru-1-to-6-years-060826502234
Swarm Operation Specialist,AST Spacemobile,Bengaluru ,,"Experience with programming languages such as Python, C++, or Java.","python, drones, mechanical engineering, mathematics, version control, robotics, agile development, programming languages",1 day ago,https://www.naukri.com/job-listings-swarm-operation-specialist-newspace-research-and-technologies-bengaluru-2-to-7-years-060826501970
Coding & Robotics School Teacher,Infinity learn,"Chennai, Pollachi, Salem ",2.4-3.26 Lacs PA ,"Freshers are welcome. . CompensationFull-Time: 3 LPA Fixed + 24, 000 Variable Part-Time...","Java, Coding, Python, Teaching",1 day ago,https://www.naukri.com/job-listings-coding-robotics-school-teacher-infinity-learn-pollachi-salem-chennai-0-to-2-years-060826026040
Mobile App Developer - Android/iOS,Eudemonic,Gurugram ,,Familiarity with cloud message APIs and push notifications . Proficient understanding o...,"emerging technologies, api integration, business requirements, android, google play store, cloud message apis, code versioning tools, firebase",1 day ago,https://www.naukri.com/job-listings-mobile-app-developer-android-ios-eudemonic-gurugram-2-to-7-years-060826501927
Destination Manager,Eldergo Senior Tours,Bengaluru ,,Who Should Apply We design and run all-inclusive group tours - international and domest...,"lathe, production, android, grinding, tours, coordination, java, mvvm",1 day ago,https://www.naukri.com/job-listings-destination-manager-eldergo-senior-tours-bengaluru-2-to-7-years-060826500465
Us It Recruiter,Compunnel,Noida(Sector 142) ,,Shift: 7:00 PM - 4:00 AM IST (Night Shift) . Experience required: 2+ Years 2+ years of ...,"C2C, implementation partner, US IT Recruitment, US Staffing, US IT Staffing, Recruitment, IT recruitment, Staffing",1 day ago,https://www.naukri.com/job-listings-us-it-recruiter-compunnel-noida-2-to-6-years-060826036478
Application Engr I,Sparta Systems,Pune ,,Bachelors degree in Computer Science or related field. . Strong understanding of comput...,"algorithms, emerging technologies, python, debug, java, data structures, communication and interpersonal skills, programming languages",1 day ago,https://www.naukri.com/job-listings-application-engr-i-spartasystems-pune-2-to-5-years-060826502027
Systems Engr I,Sparta Systems,Pune ,,Bachelors degree in Computer Science or related field. . Strong understanding of softwa...,"python, git, java, software development, business requirements, version control, agile methodologies, systems engineering",1 day ago,https://www.naukri.com/job-listings-systems-engr-i-spartasystems-pune-2-to-5-years-060826502025
Gis Developer,Infosys,"Chennai, Hyderabad, Bengaluru ",,"The typical responsibilities will include, but not limited to, the following: . Should ...","Arcgis Server, ESRI ArcGIS, Arcgis, Serv, ESRI, GIS, Development, Server",Today,https://www.naukri.com/job-listings-gis-developer-infosys-hyderabad-chennai-bengaluru-1-to-5-years-090726029164
.net + React Professional,Infosys,Bengaluru ,,"Bachelor of Engineering, BTech, BSc, BCA, MTech, MSc, MCAand build POCs You will create...","Analysis, Literature Survey, Java, Reactive Programming, Effort Estimation, Digital Transformation, Spring Boot, Spring",1 day ago,https://www.naukri.com/job-listings-net-react-professional-infosys-limited-bengaluru-2-to-3-years-020726915683
Python Network Automation and CPE Tester,Infosys,Bengaluru ,,"Bachelor of Engineering, Bachelor Of Technology, Bachelor Of CompPreferred Skills: . Te...","Python, Java, Regression Testing, Automation, Selenium Testing, Software Testing, Database Testing, Manual Testing",1 day ago,https://www.naukri.com/job-listings-python-network-automation-and-cpe-tester-infosys-limited-bengaluru-2-to-5-years-020726915282
Test Team Lead (Automation Testing),Baseel Partners,Remote ,2.25-3.75 Lacs PA ,Job Description Test Team Lead (Automation Testing)Location: Remote Employment Type: F...,"QC, Software Testing, Automation Testing, Manual Testing, Quality Assurance, API Testing, Mobile Testing, Selenium",1 day ago,https://www.naukri.com/job-listings-test-team-lead-automation-testing-baseel-partners-pune-2-to-7-years-060826018713
Technical Support Engineer 2,Twilio,Remote ,,Job Summary Join the team as Twilio's next Technical Support Engineer 2. This position ...,"TCP, Process improvement, VOIP, Healthcare, Wellness, HTTP, SIP, Technical support",1 day ago,https://www.naukri.com/job-listings-technical-support-engineer-2-twilio-remote-2-to-7-years-060826502896
OBDX Developer,Logixal Solutions,"Mumbai Suburban, Bengaluru, Mumbai (All Areas) ",,"Responsible for implementing and developing digital banking platforms using Java, OBDX,...","Knockoutjs, obdx, Javascript, Development",1 day ago,https://www.naukri.com/job-listings-obdx-developer-logixal-solutions-mumbai-suburban-bengaluru-mumbai-all-areas-2-to-7-years-170225013279
Windchill Developer,Capgemini,"Hybrid - Pune, Bengaluru ",5-15 Lacs PA ,Job Summary. We are seeking a skilled and motivated Windchill Developer with 2-5 years ...,"Windchill Development, windchill developer, Windchill Customization, Custom, Windchill, Customization, Development",1 day ago,https://www.naukri.com/job-listings-windchill-developer-capgemini-pune-bengaluru-1-to-6-years-060826016330
QA Engineer,9yards It Technology,Bengaluru ,,. Test Plans. Test Strategy Documents. Test Scenarios & Test Cases. Requirement Traceab...,"ci/cd pipelines, github, bdd, automation testing, cucumber, defect tracking, database testing, automated test scripts",1 day ago,https://www.naukri.com/job-listings-qa-engineer-9yards-it-technology-private-limited-bengaluru-2-to-5-years-060826500674
Computer Post Graduate Teacher,K12 Techno Services,Jaipur ,1.5-3.5 Lacs PA ,Minimum 25 years of teaching experience in a CBSE school (preferred)Preferred Skills,"Coding, Computer Science, Programming, Python, Computer, Teaching, Post, Program",1 day ago,https://www.naukri.com/job-listings-computer-post-graduate-teacher-k12-techno-services-jaipur-2-to-5-years-060826024554
Test Engineer,Tally Solutions,Bengaluru ,,"The ideal candidate should have strong API testing skills, a good understanding of Larg...","Agile, Automation, Azure, Architecture, Agile Methodologies, Api Security, Craft, Apis",1 day ago,https://www.naukri.com/job-listings-test-engineer-tally-solutions-pvt-ltd-bengaluru-2-to-5-years-060826934969
Software Engineer - Android Kotlin Automation,Harman International,"Kalyani, Bengaluru ",,"Job Summary Introduction: A Career at HARMAN Automotive We re a global, multi-discip...","ci/cd pipelines, debug, appium, android automotive, android, ai, android studio, aaos",1 day ago,https://www.naukri.com/job-listings-software-engineer-android-kotlin-automation-harman-india-kalyani-bengaluru-2-to-7-years-060826503089
SDET Automation Test Engineer,Arcis Clean Energy,Bengaluru ,5-10 Lacs PA ,"Analyze test results, identify defects, and report issues to stakeholders. Job Requirem...","Appium, Mobile Automation Testing, Automation Testing, Web Automation Testing, Selenium, Mobile Automation, SDET, Web technologies",1 day ago,https://www.naukri.com/job-listings-sdet-automation-test-engineer-arcis-clean-energy-bengaluru-2-to-5-years-060826013865
QA Engineer,Huzzle,Remote ,,"Experience performing both manual and automated testing across web, mobile, or SaaS app...","Manual testing, Independent Contractor, Testing tools, Javascript, Selenium, Troubleshooting, SDLC, SQL",1 day ago,https://www.naukri.com/job-listings-qa-engineer-huzzle-remote-2-to-7-years-060826502752
